   missn_time ,   Vind_kias ,   Vind_keas ,   Vtrue_ktas ,   Vtrue_ktgs ,   Machratio ,   VVI_fpm ,   Gloadnorml ,   Gloadaxial ,   Gload_side ,   pitch_deg ,   roll_deg ,   hding_true ,   hding_mag ,   alpha_deg ,   beta_deg ,   hpath_deg ,   vpath_deg ,   slip_deg ,   altftmsl ,   altftagl ,   onrunwy ,   dist__ft ,   N1_1_pcnt ,   Ngear__lb ,   MLgear__lb ,   MRgear__lb ,   L/Dratio ,   cltotal ,   cdtotal,
27.74726,23.60967,25.31537,24.51785,0.01355,0.03821,-0.36622,0.99523,0.09518,0.0553,-0.05083,-1.20259,92.39888,68.66563,-2.55993,17.66177,180,-34.88825,0.00094,23.48815,0.62797,1,0.55115,76.55764,621.67853,3817.76172,3663.23022,1.77603,0.6697,0.37708, 
27.82983,22.76818,24.40593,23.63705,0.13704,0.03684,-0.47341,0.99236,0.10651,0.04077,-0.03063,-1.20038,92.37865,68.6454,-3.82657,17.50656,108.18797,-9.62533,0.00097,23.48547,0.62514,1,0.56156,77.40786,618.25458,3846.61401,3695.82129,1.48624,0.5731,0.3856, 
27.93745,21.82138,23.47501,22.73546,0.36207,0.03543,-0.72165,0.99619,0.10742,0.02558,0.00798,-1.1707,92.28109,68.54784,-5.75758,16.85396,103.16404,-5.28633,0.00166,23.47991,0.61932,1,0.61108,78.54955,610.49866,3872.3689,3813.427,1.09003,0.42257,0.38767, 
28.03555,21.18213,22.78779,22.06989,0.56362,0.0344,-0.99161,1.00089,0.1082,0.01564,0.05084,-1.12825,92.13094,68.39769,-7.45573,15.95322,100.02209,-3.47,0.00314,23.47402,0.61312,1,0.69106,79.61516,592.09692,3886.59839,3937.52075,0.74356,0.28739,0.3865, 
28.13141,20.77851,22.33581,21.63215,0.76125,0.03371,-1.21203,1.00501,0.11046,0.00763,0.0932,-1.09204,91.93393,68.20068,-8.78954,14.84407,97.39497,-2.06393,0.00482,23.46882,0.60754,1,0.8014,80.70212,568.19153,3906.73511,4036.43359,0.45538,0.17341,0.3808, 
28.21943,20.53492,22.07553,21.38006,0.94932,0.03332,-1.32822,1.00652,0.1175,0.00264,0.12605,-1.07415,91.71367,67.98042,-9.65188,13.76553,95.31234,-1.03352,0.00597,23.46541,0.60357,1,0.9318,81.74547,547.66956,3927.28613,4087.14526,0.26102,0.09709,0.37197, 
28.32094,20.47507,21.96854,21.27644,1.19049,0.03316,-1.33336,1.00636,0.13263,-0.00034,0.15177,-1.0775,91.41727,67.68402,-10.1909,12.4666,93.29781,-0.18711,0.00617,23.4635,0.60111,1,1.11884,82.97172,526.95154,3959.21997,4095.71997,0.14672,0.05252,0.35795, 
28.40283,20.52296,21.98284,21.29029,1.40968,0.03318,-1.24576,1.00601,0.14688,-0.0002,0.1606,-1.09585,91.14599,67.41273,-10.27559,11.43182,92.07414,0.24626,0.00584,23.46352,0.60066,1,1.30212,83.98124,521.59619,3986.40967,4073.54468,0.13678,0.04721,0.34515, 
28.51012,20.78441,22.14833,21.45057,1.74007,0.03343,-1.03666,1.00402,0.17373,0.00176,0.15644,-1.13386,90.74935,67.01609,-9.92694,10.12827,90.97127,0.52668,0.00647,23.46527,0.60173,1,1.59251,85.31091,522.19885,4017.12305,4011.04321,0.23753,0.07751,0.3263, 
28.60759,21.14153,22.44383,21.73676,2.08817,0.03388,-0.79132,1.00214,0.19854,0.00277,0.14016,-1.17195,90.35156,66.6183,-9.28589,8.99259,90.23208,0.59654,0.00845,23.46802,0.60376,1,1.91251,86.46117,529.87219,4034.09839,3942.78564,0.43623,0.13483,0.30908, 
28.70265,21.57251,22.8178,22.09895,2.47356,0.03444,-0.53409,1.00158,0.22326,0.00361,0.11602,-1.20461,89.93098,66.19772,-8.48316,7.97393,89.72391,0.59012,0.01313,23.47132,0.6062,1,2.28406,87.51249,541.56219,4040.42041,3880.35107,0.72421,0.21253,0.29347, 
28.7968,21.56112,22.59367,21.88189,2.90211,0.0341,-0.27359,1.00217,0.24958,0.00372,0.08697,-1.23032,89.48431,65.75105,-7.50643,7.37199,89.28692,0.57993,0.01785,23.47511,0.60888,1,2.71739,88.48079,551.54498,4033.70288,3825.77832,1.14823,0.33302,0.29003, 
28.8913,21.58388,22.59631,21.88444,3.37836,0.03411,-0.00312,1.00256,0.27411,0.00213,0.05396,-1.25102,89.00716,65.27388,-6.27175,6.59003,88.86874,0.57211,0.02177,23.47948,0.61215,1,3.22528,89.37674,558.17902,4016.68896,3770.19556,1.68279,0.47598,0.28285, 
28.97194,21.77634,22.76218,22.04509,3.81787,0.03436,0.23727,1.00316,0.29138,0.00037,0.02305,-1.26622,88.57843,64.84515,-5.09808,5.77417,88.49713,0.57194,0.02292,23.48375,0.61525,1,3.72227,90.08081,560.6427,3997.11646,3722.99292,2.21916,0.61001,0.27488, 
29.07808,22.22815,23.14035,22.41134,4.43562,0.03493,0.57315,1.00339,0.31093,-0.00329,-0.02215,-1.28669,87.98679,64.25352,-3.56622,4.67056,87.98048,0.56764,0.02085,23.49021,0.61978,1,4.47214,90.92092,564.93854,3964.22583,3647.8313,3.00429,0.79806,0.26564, 
29.17427,22.78973,23.68221,22.93614,5.03004,0.03575,0.89416,1.00374,0.32922,-0.00614,-0.06826,-1.30756,87.42709,63.69381,-2.18131,3.62926,87.48692,0.56202,0.0146,23.49685,0.62445,1,5.24973,91.59557,569.22919,3932.38745,3571.64673,3.71142,0.96165,0.25911, 
29.28418,23.52114,24.42751,23.65796,5.74219,0.03687,1.28156,1.00395,0.34323,-0.01027,-0.12812,-1.33498,86.76591,63.03263,-0.60398,2.42343,86.89311,0.55444,0.00232,23.50546,0.63045,1,6.26163,92.2724,575.8634,3893.54736,3475.09497,4.39406,1.13286,0.25782, 
29.38186,24.32652,25.217,24.42258,6.39808,0.03806,1.63664,1.00418,0.35186,-0.01333,-0.18829,-1.3622,86.16619,62.4329,0.65532,1.41802,86.34409,0.53766,-0.01373,23.51385,0.63635,1,7.27301,92.78944,587.15582,3857.0354,3379.23242,4.86619,1.26766,0.2605, 
29.47064,25.01303,25.98457,25.16597,7.00708,0.03922,1.96261,1.00418,0.35809,-0.01627,-0.24921,-1.38696,85.61606,61.88276,1.71401,0.50479,85.84011,0.52159,-0.03148,23.52203,0.64194,1,8.28865,93.19664,599.15106,3819.01953,3291.35791,5.13741,1.37161,0.26699, 
29.57701,25.95689,26.98348,26.13342,7.75231,0.04073,2.35129,1.0043,0.36355,-0.02154,-0.32954,-1.41749,84.96079,61.22749,2.82252,-0.49708,85.21421,0.49655,-0.05799,23.5324,0.64946,1,9.62681,93.6087,622.69037,3769.90942,3173.73511,5.30993,1.48082,0.27888, 
29.68006,26.87674,27.97116,27.08999,8.48701,0.04222,2.71016,1.00354,0.36928,-0.03059,-0.41279,-1.45602,84.35976,60.62645,3.69494,-1.27129,84.5468,0.45884,-0.09342,23.54272,0.65723,1,11.05165,93.93305,650.64093,3731.64136,3040.83496,5.08444,1.56191,0.30719, 
29.77054,27.74845,28.9508,28.03876,9.13347,0.0437,2.99233,1.00007,0.36262,-0.04373,-0.48546,-1.51802,83.92303,60.1897,4.01101,-1.23067,83.87066,0.40593,-0.13765,23.55157,0.66443,1,12.40964,94.13992,675.1875,3733.19116,2892.26025,4.02718,1.56987,0.38982, 
29.8822,28.94764,30.12832,29.17919,9.89654,0.04547,3.21313,0.99547,0.34078,-0.06067,-0.55756,-1.66871,83.65961,59.92628,4.0022,-0.23201,82.94012,0.27882,-0.21221,23.56043,0.67215,1,14.21778,94.27095,705.34698,3860.83057,2609.49268,2.75565,1.53699,0.55776, 
29.98547,29.96014,31.1396,30.15862,10.58912,0.047,3.20415,0.99429,0.33973,-0.01569,-0.58648,-1.83917,83.76717,60.03382,4.03043,0.8592,82.3659,0.14919,-0.26913,23.56516,0.67673,1,16.01519,94.27258,700.71301,4028.91309,2361.96997,2.87916,1.51934,0.5277, 
30.06885,30.61254,31.84782,30.84453,11.14365,0.04807,3.0501,0.99522,0.33685,0.01664,-0.57669,-1.96323,84.09234,60.35899,4.07267,1.7999,82.25894,0.06856,-0.26671,23.56649,0.67834,1,17.55438,94.20509,675.9024,4151.50244,2221.35327,2.95926,1.50524,0.50865, 
30.17624,31.48216,32.70338,31.67314,11.84762,0.04936,2.72249,0.99859,0.33202,0.05786,-0.52089,-2.07892,84.80057,61.0672,4.0272,3.0039,82.50212,0.01369,-0.20812,23.5659,0.67797,1,19.65108,94.0601,609.88428,4288.90771,2111.89404,3.07768,1.49457,0.48561, 
30.27354,32.096,33.38857,32.33674,12.47355,0.0504,2.38242,1.00148,0.32991,0.08952,-0.43643,-2.13892,85.69476,61.96138,4.0636,4.05156,83.02175,0.00712,-0.10542,23.56439,0.67552,1,21.65856,93.90773,526.05463,4370.33447,2085.72119,3.14994,1.48428,0.47121, 
30.38392,32.74332,34.05199,32.97927,13.19254,0.0514,2.0555,1.00459,0.34502,0.16032,-0.32102,-2.16117,86.92864,63.19524,4.06647,4.99647,84.14601,0.05473,0.08432,23.56345,0.67127,1,24.0624,93.74699,428.33054,4422.6499,2110.15332,4.27936,1.48098,0.34607, 
30.48184,33.24916,34.63893,33.54771,13.8433,0.05228,1.9195,1.00731,0.34969,0.18331,-0.22533,-2.12153,88.0752,64.34179,4.05662,5.61875,85.4203,0.13419,0.27621,23.56505,0.66767,1,26.30726,93.63215,353.31265,4389.58008,2206.06567,4.59157,1.46611,0.3193, 
30.57004,33.68553,35.12333,34.01685,14.4254,0.05301,1.9648,1.00794,0.34738,0.18294,-0.15864,-2.05606,89.09619,65.36278,4.02132,6.05662,86.55632,0.21349,0.44512,23.5694,0.66554,1,28.42238,93.54893,305.74072,4327.93799,2295.56128,4.575,1.44839,0.31659, 
30.67125,34.14509,35.62394,34.5017,15.08482,0.05377,2.21773,1.00657,0.34417,0.17577,-0.11238,-1.98686,90.24857,66.51513,3.95789,6.36073,87.77182,0.29383,0.63435,23.57786,0.66563,1,30.95419,93.47452,280.64301,4252.48828,2360.20117,4.53335,1.42881,0.31518, 
30.76699,34.72953,36.30123,35.15765,15.70856,0.05479,2.61225,1.01097,0.34511,0.17606,-0.09899,-1.94765,91.32146,67.58801,4.3428,6.38547,88.85309,0.36002,0.80897,23.58888,0.66908,1,33.4523,93.42208,292.6189,4190.5293,2353.33203,4.66097,1.45197,0.31152, 
30.84461,35.47424,37.08476,35.9165,16.21483,0.05597,3.06908,1.0126,0.34609,0.18262,-0.11082,-1.92566,92.16136,68.4279,4.97892,6.12492,89.73592,0.44182,0.9475,23.60092,0.67543,1,35.5517,93.39067,304.72626,4104.22363,2301.28931,4.88775,1.4998,0.30685, 
30.95993,36.43677,38.11552,36.91481,16.97309,0.05753,3.98955,1.00218,0.3472,0.18438,-0.16937,-1.88125,93.30556,69.57208,5.54922,5.66334,91.01924,0.51284,1.14849,23.62386,0.69021,1,38.79611,93.35975,377.35822,3899.04053,2192.20117,5.07254,1.53248,0.30211, 
31.06135,37.20998,38.84424,37.62057,17.63872,0.05863,4.84124,0.99422,0.34398,0.18079,-0.25066,-1.82335,94.17311,70.43961,5.71957,5.21988,92.09588,0.50133,1.32045,23.64544,0.70276,1,41.7699,93.34566,504.28436,3691.66138,2119.36646,5.15665,1.53738,0.29814, 
31.1736,37.92864,39.54659,38.30082,18.37499,0.05969,5.62735,0.99393,0.34158,0.16163,-0.35239,-1.74797,94.94662,71.2131,5.62423,4.71419,93.1537,0.45721,1.50581,23.66789,0.71099,1,45.1954,93.34184,645.29938,3518.87476,2103.16724,5.31881,1.51655,0.28513, 
31.27274,38.49072,40.04385,38.78242,19.02528,0.06044,6.15536,0.99745,0.33797,0.14045,-0.43634,-1.69382,95.48249,71.74895,5.31064,4.21247,93.93163,0.42706,1.66518,23.68618,0.71282,1,48.3355,93.34667,728.69489,3441.54346,2123.99316,5.49778,1.48393,0.26991, 
31.36124,38.90616,40.46763,39.19286,19.59425,0.06108,6.86951,1.06004,0.32693,0.12431,-0.44484,-1.67971,95.87897,72.14542,4.76108,3.88315,94.50571,0.75668,1.79188,23.71204,0.72259,1,51.23064,93.35635,1538.29993,3320.71533,2002.00659,5.63897,1.4351,0.2545, 
31.46262,39.37959,40.87952,39.5918,20.24345,0.0617,8.54527,0.98203,0.33127,0.1068,-0.31268,-1.69829,96.29281,72.55923,4.30914,3.58946,95.03448,0.77765,1.90917,23.75329,0.74657,1,54.65004,93.3721,1356.12085,3122.15161,1740.28503,5.70678,1.39607,0.24463, 
31.55879,39.79192,41.27536,39.97519,20.85752,0.0623,9.74434,0.96086,0.33047,0.09758,-0.07217,-1.72294,96.66384,72.93024,3.99918,3.41098,95.46358,0.59077,2.0078,23.7859,0.76462,1,57.99589,93.3906,1381.72485,3044.11499,1611.39575,5.71241,1.37291,0.24034, 
31.63513,40.11139,41.57661,40.26696,21.32031,0.06275,10.37102,1.08034,0.31226,0.10649,0.18907,-1.70923,96.97084,73.23724,3.63684,3.38397,95.7885,0.70237,2.07785,23.81053,0.72182,1,60.72096,93.4071,1296.74329,3724.60962,2048.10303,5.64294,1.34719,0.23874, 
31.74714,40.53142,41.99907,40.67614,21.97472,0.06339,12.5082,1.08513,0.31277,0.09267,0.60773,-1.67817,97.48579,73.75217,2.86387,3.45046,96.22081,1.20345,2.16655,23.8744,0.68123,1,64.82572,93.43349,718.66791,4063.51587,2407.14722,5.44671,1.27566,0.23421, 
31.84667,41.82196,43.56821,42.1959,22.54615,0.06576,15.94843,1.05646,0.31323,0.09595,0.91415,-1.65441,98.00776,74.2741,1.91357,4.45466,96.58495,1.53768,2.23582,23.95947,0.66663,1,68.57497,93.45795,303.28238,4160.63428,2507.84863,5.32884,1.17456,0.22042, 
31.93598,43.02823,44.80458,43.39338,23.04921,0.06763,19.74159,1.02708,0.31137,0.10773,1.08387,-1.63201,98.51248,74.77881,1.06424,5.32096,96.94685,1.69867,2.30661,24.05145,0.6661,1,72.02116,93.48039,146.32602,4136.74902,2504.44214,5.11247,1.07861,0.21098, 
32.03868,44.27927,46.12744,44.67464,23.61925,0.06962,24.31299,1.0002,0.31244,0.14584,1.15369,-1.60795,99.09621,75.36251,-0.00003,6.21684,97.4911,1.74993,2.42202,24.16592,0.67443,1,76.07585,93.506,194.79576,4034.51709,2443.07422,4.83793,0.96228,0.1989, 
32.13555,45.28232,47.21165,45.72478,24.15359,0.07126,28.38775,0.98625,0.31017,0.17186,1.12941,-1.57792,99.57296,75.83923,-0.91577,6.98711,98.13726,1.71563,2.5558,24.27583,0.68511,1,79.9899,93.52966,388.20123,3905.42603,2383.90601,4.20568,0.86146,0.20483, 
32.23121,46.15207,48.16859,46.65164,24.67787,0.0727,31.96562,0.98271,0.30655,0.17178,1.06896,-1.52864,99.905,76.17126,-1.75938,7.5851,98.81236,1.65072,2.68477,24.38268,0.69088,1,83.9407,93.55228,590.74878,3794.74268,2387.16382,3.68611,0.77188,0.2094, 
32.32631,46.94304,49.0711,47.52579,25.19445,0.07407,35.05879,0.98933,0.30156,0.15782,1.01657,-1.46184,100.07902,76.34526,-2.42451,8.06285,99.42393,1.59675,2.80994,24.48664,0.68779,1,87.95151,93.57375,701.56818,3748.61035,2483.6958,3.33319,0.69874,0.20963, 
32.42114,47.64883,49.88405,48.3132,25.70659,0.07529,37.8113,0.99868,0.29873,0.13923,0.99446,-1.38577,100.10104,76.36725,-2.91808,8.43811,99.94849,1.57869,2.93182,24.5899,0.67911,1,92.03318,93.59395,693.10706,3741.67285,2656.11523,3.0782,0.64397,0.2092, 
32.5085,48.24013,50.55564,48.96371,26.17811,0.07631,40.19952,1.00302,0.29791,0.1161,1.00327,-1.31577,99.99339,76.25958,-3.1546,8.64984,100.34067,1.5842,3.03106,24.68666,0.67266,1,95.86703,93.61144,631.43835,3719.51709,2821.24146,2.95264,0.60897,0.20625, 
32.61006,48.92471,51.26119,49.64711,26.72102,0.07737,42.87796,1.00176,0.29295,0.05465,1.04246,-1.2608,99.77963,76.0458,-3.23509,8.92424,100.58196,1.59074,3.08418,24.80183,0.6704,1,100.41042,93.63014,552.5097,3677.01025,2939.98608,3.08433,0.58982,0.19123, 
32.6921,49.36173,51.78494,50.15443,27.148,0.07816,44.95068,0.99981,0.28819,0.02558,1.0961,-1.25872,99.63557,75.90172,-3.16889,9.21708,100.61916,1.58524,3.06762,24.89644,0.66906,1,104.14752,93.64395,494.19217,3694.55566,2945.27783,3.02259,0.58602,0.19388, 
32.79987,50.30739,52.51907,50.86554,27.70789,0.07927,47.55444,1.02364,0.29242,0.02315,1.19096,-1.27552,99.53725,75.80336,-1.91038,9.59888,100.62428,1.62627,3.02268,25.02376,0.66345,1,109.14691,93.6603,338.15585,3769.3772,2945.97461,3.41997,0.67604,0.19768, 
32.89717,49.90571,52.17475,50.53213,28.22534,0.07875,49.84468,0.99216,0.2999,0.01433,1.24668,-1.25754,99.51357,75.77967,-2.17506,9.71872,100.58622,1.56813,2.9696,25.14018,0.65494,1,113.74821,93.67326,0,3816.01221,3056.31104,3.27962,0.65078,0.19843, 
32.9927,49.72587,52.03651,50.39832,28.74323,0.07854,51.84271,0.91685,0.31525,0.04935,1.25434,-1.20916,99.53485,75.80092,-2.3309,9.68429,100.59786,1.50069,2.9241,25.25357,0.65554,1,118.34905,93.68436,0,3823.33179,2458.62427,3.20373,0.63326,0.19766, 
33.08028,49.75794,52.05895,50.42011,29.25249,0.07858,52.72191,0.79684,0.33002,0.09065,1.23852,-1.0215,99.51654,75.78259,-2.0301,9.43662,100.79279,1.01767,2.95616,25.33591,0.7277,1,122.64462,93.69318,0,3065.90381,2142.51343,3.17285,0.65158,0.20536, 
33.18158,49.99416,52.25462,50.60965,29.86169,0.07887,50.3833,0.80704,0.33109,0.07248,1.21481,-0.75776,99.37859,75.6446,-1.39244,8.94869,101.04331,0.24431,3.03917,25.3715,0.74983,1,127.70854,93.7017,0,2720.28174,2406.06421,3.55517,0.71218,0.20032, 
33.26372,50.29763,52.52817,50.87459,30.35369,0.07929,46.08702,0.90187,0.32818,0.01805,1.18412,-0.60213,99.18945,75.45544,-0.98533,8.46117,101.11912,-0.13559,3.0537,25.36002,0.72313,1,131.89122,93.70697,0,2929.02368,2880.22583,4.04333,0.75349,0.18635, 
33.37057,50.82677,53.00269,51.33415,30.97258,0.08,39.62077,1.04473,0.31961,-0.0478,1.10822,-0.50889,98.94265,75.20861,-0.7372,7.93492,100.96848,-0.13399,2.95697,25.3296,0.67417,1,137.43259,93.71056,0,3405.13867,3491.65601,4.36224,0.79048,0.18121, 
33.46837,51.35522,53.52347,51.83852,31.52662,0.08079,35.02957,1.08425,0.31639,-0.05429,0.98976,-0.50383,98.79457,75.0605,-0.72815,7.53383,100.73064,0.14385,2.81621,25.3195,0.65436,1,142.60019,93.71043,0,3558.95044,3616.60327,4.5098,0.79785,0.17692, 
33.58463,52.04599,54.21059,52.50403,32.18192,0.08183,31.97191,1.04384,0.3082,-0.06054,0.7835,-0.54163,98.73579,75.00168,-0.74742,7.12715,100.45064,0.41366,2.65132,25.33988,0.66345,1,148.86397,93.70666,0,3429.59937,3349.62549,4.45056,0.79829,0.17937, 
33.68988,52.74399,54.89287,53.16485,32.77053,0.08286,30.35902,1.10956,0.30142,-0.05314,0.54705,-0.61584,98.83073,75.09659,-0.7776,6.88422,100.21882,0.46479,2.50271,25.36922,0.67601,1,154.64348,93.70132,0,4219.59033,3054.87842,4.55231,0.80305,0.1764, 
33.77347,53.28568,55.4605,53.71462,33.24783,0.08371,29.47305,1.01356,0.30621,0.0053,0.32523,-0.6241,98.98841,75.25425,-0.85665,6.64044,100.15607,0.42509,2.42384,25.3957,0.69159,1,159.30911,93.69673,0,3519.05396,2911.83691,4.83859,0.7962,0.16455, 
33.89113,53.69637,55.82151,54.06429,33.93894,0.08426,27.52596,0.9814,0.30529,0.05305,-0.03519,-0.6336,99.1828,75.4486,-1.18684,6.86814,100.28995,0.17404,2.4212,25.4143,0.70287,1,165.99388,93.69102,0,3384.02515,2844.75635,4.59099,0.76213,0.16601, 
33.99617,54.02221,56.17045,54.40225,34.54849,0.08478,24.83631,1.1229,0.29228,0.07213,-0.31129,-0.68919,99.23224,75.49801,-1.74221,6.8734,100.48431,0.35932,2.45789,25.41955,0.69639,1,172.07613,93.68701,928.6366,3819.68481,2783.03564,4.2574,0.72285,0.16979, 
34.09429,54.36642,56.56738,54.78671,35.11135,0.08538,24.52728,1.02794,0.29059,0.07172,-0.47536,-0.45461,99.12269,75.38842,-2.21717,6.68984,100.6503,0.69745,2.48336,25.46151,0.72276,1,177.85355,93.68407,210.78088,3837.90063,2787.37793,4.02717,0.67701,0.16811, 
34.20573,54.80484,56.97043,55.17711,35.75707,0.08599,25.49954,0.75322,0.29787,0.06586,-0.68668,0.02784,98.80842,75.07412,-2.41194,6.22367,100.84093,0.43731,2.52149,25.5187,0.76999,1,184.53032,93.68148,295.27518,1281.13916,2966.76758,4.00867,0.65225,0.16271, 
34.3042,55.27309,57.39935,55.59254,36.33288,0.08664,23.60428,0.83586,0.2903,0.02879,-0.82122,-0.02579,98.39562,74.66129,-2.37949,5.6111,100.95098,-0.1449,2.55107,25.51616,0.75824,1,190.5303,93.67977,1300.23853,893.08154,2993.5376,4.28497,0.66336,0.15481, 
34.39273,55.66911,57.80495,55.98535,36.83202,0.08725,19.89438,1.08869,0.27507,-0.04866,-0.78882,-0.43917,97.94559,74.21123,-2.60444,5.01555,100.87121,-0.15311,2.49678,25.48692,0.71274,1,196.00656,93.67861,1451.47412,2962.68213,2907.31372,4.60706,0.66298,0.14391, 
34.49342,56.17824,58.2692,56.43498,37.37206,0.08795,17.61166,1.25325,0.26629,-0.11106,-0.65171,-0.57004,97.40408,73.66967,-3.12705,4.43911,100.54111,0.40316,2.33958,25.49268,0.70199,1,202.32094,93.6777,516.21411,5367.77686,2924.95483,4.51957,0.62835,0.13903, 
34.5754,56.57443,58.66117,56.81463,37.81815,0.08854,17.81635,1.02366,0.27714,-0.08011,-0.57412,-0.33843,96.95359,73.21916,-3.27333,3.93321,100.3125,0.4355,2.20382,25.52125,0.72203,1,207.53029,93.67725,206.59705,3614.89014,3072.61963,4.4543,0.60684,0.13624, 
34.68197,57.15284,59.2191,57.35501,38.40041,0.08939,16.86312,0.98588,0.27593,-0.10379,-0.50771,-0.26506,96.36443,72.62995,-3.22512,3.21371,100.04185,0.09584,2.0344,25.52879,0.71071,1,214.3961,93.67697,710.16736,2595.3606,3232.35742,4.57276,0.60554,0.13242, 
34.77917,57.68929,59.75548,57.87451,38.90456,0.0902,15.08916,1.0335,0.26897,-0.15061,-0.41385,-0.40016,95.89105,72.15655,-3.34605,2.74479,99.61985,0.13734,1.815,25.52642,0.6854,1,220.7455,93.67698,620.37024,3039.68188,3285.47217,4.40828,0.59487,0.13494, 
34.87421,58.72244,60.88243,58.96598,39.38461,0.0919,14.01028,1.04428,0.26677,-0.15921,-0.30912,-0.52994,95.55159,71.81705,-2.98576,2.22913,99.14571,0.24405,1.58402,25.53409,0.67798,1,227.03191,93.67721,427.81595,3229.5481,3215.12622,4.66131,0.62001,0.13301, 
34.96175,59.69457,61.89587,59.94754,39.82159,0.09343,13.68841,1.0294,0.26461,-0.1615,-0.22615,-0.59217,95.36153,71.62695,-2.67229,1.86587,98.70625,0.32031,1.37597,25.55112,0.67901,1,232.892,93.6776,290.80014,3215.94116,3096.91504,4.72311,0.63884,0.13526, 
35.06234,60.80067,62.97145,60.98928,40.31951,0.09505,13.83667,1.02044,0.26335,-0.15245,-0.16317,-0.60775,95.31145,71.57683,-2.33979,1.6848,98.21915,0.37234,1.14255,25.57809,0.67819,1,239.70349,93.67828,143.84521,3185.68677,3046.68945,4.81782,0.65684,0.13634, 
35.14365,61.58284,63.7769,61.7694,40.72382,0.09627,14.19847,1.01233,0.26383,-0.13112,-0.14588,-0.59798,95.40746,71.67282,-2.09722,1.62528,97.87277,0.39769,0.95954,25.60387,0.68575,1,245.27095,93.67903,92.7319,3102.4209,3003.67065,4.99518,0.66773,0.13368, 
35.25031,62.61446,64.79661,62.75704,41.26502,0.09781,14.77717,0.99689,0.2673,-0.07417,-0.16078,-0.5873,95.68449,71.94981,-1.7629,1.72874,97.5521,0.39262,0.772,25.63935,0.70059,1,252.66092,93.68028,161.65085,2927.18408,2833.65894,5.46976,0.68209,0.1247, 
35.34674,63.5116,65.69287,63.62511,41.76394,0.09916,15.20031,1.00339,0.26846,-0.03268,-0.18914,-0.58201,96.01271,72.27798,-1.45494,1.87483,97.39999,0.38329,0.67832,25.67045,0.70249,1,259.42545,93.68163,174.54024,2893.4021,2769.86353,5.79194,0.6973,0.12039, 
35.44157,64.3276,66.52866,64.43462,42.25817,0.10042,15.60235,1.00729,0.26862,-0.00035,-0.22457,-0.5738,96.35432,72.61955,-1.14249,2.07032,97.33855,0.39322,0.63543,25.70188,0.70919,1,266.15762,93.68314,152.10789,2839.13672,2735.66113,5.99282,0.71402,0.11915, 
35.53561,65.12206,67.36828,65.24783,42.75097,0.10169,16.03847,1.00009,0.26874,0.02822,-0.26473,-0.56454,96.67046,72.93566,-0.81916,2.29453,97.36039,0.39293,0.63757,25.73409,0.72152,1,272.9115,93.68478,193.07729,2707.33374,2611.58252,6.11856,0.73208,0.11965, 
35.62994,65.93116,68.18214,66.03611,43.24629,0.10292,16.43575,1.00668,0.26801,0.04318,-0.30372,-0.54984,96.93075,73.1959,-0.49914,2.48894,97.43493,0.39316,0.67093,25.76641,0.72388,1,279.7655,93.68655,176.90939,2661.29517,2563.93848,6.23906,0.75282,0.12066, 
35.71017,66.57025,68.88721,66.71902,43.66759,0.10398,16.79942,1.01065,0.26748,0.04677,-0.34168,-0.5344,97.10136,73.36649,-0.26565,2.63638,97.51303,0.40721,0.70843,25.79518,0.72956,1,285.65784,93.68813,135.02238,2614.45703,2556.54199,6.34082,0.76696,0.12096, 
35.81584,67.4839,69.84579,67.64746,44.2229,0.10543,17.35287,1.0027,0.26695,0.04625,-0.40725,-0.52228,97.26225,73.52734,0.04235,2.9107,97.62289,0.41015,0.76179,25.83472,0.74662,1,293.50467,93.69026,189.00171,2438.7583,2408.37402,6.51513,0.79096,0.1214, 
35.91248,68.41406,70.84193,68.61229,44.73119,0.10693,17.84585,1.01026,0.26528,0.03867,-0.48245,-0.5226,97.37495,73.63998,0.32944,3.3511,97.70826,0.41889,0.803,25.87165,0.75323,1,300.76776,93.69221,203.48843,2365.26123,2297.27783,6.68672,0.82018,0.12266, 
36.02311,69.41488,71.81499,69.55476,45.30947,0.1084,18.48218,0.99198,0.26116,0.03917,-0.60413,-0.53572,97.51492,73.77991,0.10758,3.73716,97.79527,0.42059,0.84067,25.91598,0.77013,1,309.18451,93.69444,260.60672,2238.67627,2167.5022,6.5788,0.80933,0.12302, 
36.12161,70.13776,72.59889,70.31402,45.81884,0.10958,18.83548,0.97585,0.25588,0.05033,-0.73332,-0.5656,97.66684,73.93179,-0.33799,3.83604,97.88956,0.36517,0.88209,25.95127,0.78417,1,316.76843,93.69636,481.76248,2135.18091,1982.50366,6.41485,0.77988,0.12157, 
36.21646,70.81516,73.27382,70.96774,46.30296,0.1106,18.71068,0.98131,0.2499,0.05975,-0.84506,-0.59254,97.82587,74.09078,-0.8864,3.70968,98.00485,0.30647,0.93779,25.97764,0.78223,1,324.15073,93.69811,612.49811,2198.14429,1988.15234,6.17447,0.73694,0.11935, 
36.30088,71.23848,73.7168,71.39678,46.72744,0.11127,18.28195,0.98136,0.24513,0.06021,-0.91781,-0.60982,97.9671,74.23197,-1.38581,3.47039,98.11172,0.26182,0.99163,25.99549,0.78428,1,330.78574,93.69958,710.44073,2224.35156,2028.20996,5.94364,0.69701,0.11727, 
36.40386,71.68671,74.10012,71.76806,47.23905,0.11185,17.3928,0.98525,0.24146,0.06195,-0.94837,-0.63038,98.1359,74.40073,-1.84467,3.03078,98.24178,0.20685,1.05636,26.01011,0.77812,1,338.96091,93.70119,802.58734,2303.63916,2064.53223,5.71151,0.65638,0.11492, 
36.48115,71.93963,74.3145,71.9757,47.62158,0.11217,16.53873,1.00202,0.24111,0.06906,-0.92109,-0.63259,98.23975,74.50453,-1.95539,2.63018,98.34933,0.19149,1.10858,26.0176,0.76469,1,345.15442,93.70223,715.36322,2444.74951,2222.62451,5.62119,0.63886,0.11365, 
36.59121,72.11854,74.44801,72.10502,48.16671,0.11237,15.39816,1.00869,0.24313,0.06143,-0.82549,-0.6097,98.29699,74.56172,-1.81662,1.98077,98.5014,0.20151,1.18511,26.02856,0.75956,1,354.06183,93.70322,561.89545,2472.78711,2381.56519,5.71868,0.6398,0.11188, 
36.68931,72.22566,74.52908,72.18356,48.65575,0.1125,14.58535,1.01784,0.24737,0.0411,-0.70641,-0.59123,98.26206,74.52675,-1.38612,1.43516,98.59589,0.22039,1.23039,26.04034,0.75005,1,362.08542,93.70296,381.45996,2516.03247,2450.37012,6.03026,0.66493,0.11027, 
36.77718,72.26813,74.53481,72.18911,49.09592,0.1125,14.12976,1.02635,0.24961,-0.01075,-0.60042,-0.59399,98.20666,74.47131,-0.87632,1.10816,98.59939,0.26135,1.2312,26.05532,0.74701,1,369.34241,93.70145,168.42101,2557.19849,2500.64209,6.22115,0.70085,0.11266, 
36.87826,72.78086,75.16788,72.80227,49.60236,0.11346,14.03916,1.02005,0.25213,-0.02302,-0.51196,-0.64028,98.22658,74.49118,-0.19619,1.04073,98.5313,0.30289,1.17221,26.07896,0.7585,1,377.77054,93.69829,55.63277,2481.28784,2299.18311,6.55348,0.75163,0.11469, 
36.97391,73.48065,75.90779,73.51893,50.08762,0.11458,14.27894,1.02594,0.25687,-0.00047,-0.47689,-0.68283,98.33526,74.59982,0.32355,1.23373,98.49612,0.34041,1.12705,26.10674,0.76363,1,385.82529,93.69437,0,2440.73706,2135.0249,7.02098,0.79448,0.11316, 
37.04929,74.00821,76.44879,74.04292,50.47329,0.11539,14.70366,1.014,0.25833,0.01487,-0.49028,-0.69482,98.45876,74.72327,0.58254,1.52498,98.49786,0.36942,1.11157,26.13294,0.77868,1,392.22803,93.69129,0,2293.39062,1999.60571,7.18901,0.81674,0.11361, 
37.15946,74.77696,77.28336,74.85128,51.03917,0.11665,15.36967,0.97369,0.25799,0.03785,-0.58093,-0.68922,98.6694,74.93386,0.65267,2.08642,98.55019,0.33269,1.12007,26.1707,0.79893,1,401.67682,93.68754,0,2051.7793,1749.4447,7.25784,0.82689,0.11393, 
37.25733,75.50539,78.06712,75.61039,51.53564,0.11784,15.5221,1.00669,0.24965,0.06469,-0.72195,-0.67001,98.85828,75.12269,0.34308,2.6575,98.64619,0.31254,1.15911,26.19805,0.80307,1,410.15729,93.68497,365.40277,2002.20154,1729.96912,7.12337,0.80944,0.11363, 
37.34531,76.19466,78.85509,76.37359,51.97268,0.11903,15.60861,0.98749,0.24275,0.08444,-0.8555,-0.65138,98.9927,75.25707,-0.12398,3.09777,98.77951,0.29617,1.22466,26.22194,0.81503,1,417.85046,93.68324,544.54791,1867.02673,1640.13757,6.81229,0.77482,0.11374, 
37.44617,77.10728,79.81451,77.30285,52.46085,0.12047,15.43554,0.9895,0.23224,0.0931,-0.98066,-0.62943,99.06902,75.33334,-0.75523,3.45996,98.95781,0.25705,1.32222,26.24422,0.80957,1,426.74817,93.68189,715.10217,1892.49182,1658.17993,6.38525,0.72519,0.11357, 
37.53111,77.8549,80.67746,78.13865,52.86004,0.12178,15.08445,0.99602,0.22439,0.0943,-1.04529,-0.61137,99.05645,75.32073,-1.25878,3.58026,99.1134,0.24042,1.40834,26.25967,0.80626,1,434.30518,93.68124,768.59918,1945.42065,1770.55823,6.07981,0.68417,0.11253, 
37.64376,78.97548,81.84958,79.2739,53.37476,0.12355,14.49596,1.00515,0.21568,0.0728,-1.05484,-0.60092,98.93585,75.20007,-1.70613,3.47907,99.29365,0.22788,1.51069,26.27752,0.79493,1,444.41425,93.68102,806.56732,2048.95435,1864.78931,5.80403,0.64035,0.11033, 
37.74853,80.016,82.84718,80.24013,53.83818,0.12505,14.05102,1.02601,0.20944,0.03826,-0.98497,-0.61538,98.79784,75.062,-1.79697,3.23409,99.38132,0.26012,1.55326,26.29635,0.78012,1,453.90207,93.68138,600.99176,2255.27197,2048.13696,5.6892,0.62399,0.10968, 
37.83504,80.76252,83.44318,80.8174,54.21692,0.12595,14.01609,1.02573,0.21202,0.02787,-0.88918,-0.63857,98.71179,74.97592,-1.55034,2.87243,99.42108,0.29747,1.56112,26.31747,0.77776,1,461.79755,93.68206,456.16525,2290.24609,2048.04834,5.77603,0.63049,0.10916, 
37.94902,80.8248,83.31842,80.69659,54.73259,0.12576,14.53201,1.04967,0.22637,0.00357,-0.74175,-0.66137,98.64308,74.90715,-0.5457,2.09178,99.42725,0.37991,1.54474,26.35625,0.77013,1,472.28641,93.68338,75.82352,2368.37329,2090.13574,6.44621,0.70136,0.1088, 
38.03097,80.50835,82.93455,80.32485,55.12422,0.12518,15.505,1.04268,0.2401,0.00617,-0.66489,-0.68276,98.62076,74.88478,0.09424,1.67328,99.41735,0.4497,1.51803,26.39532,0.78443,1,479.89032,93.6845,0,2220.07983,1941.14844,6.99644,0.75592,0.10804, 
38.14344,79.70403,82.00858,79.42809,55.68392,0.12379,17.40106,1.00193,0.25058,0.00946,-0.63158,-0.74018,98.59436,74.85832,0.30661,1.54238,99.41585,0.48182,1.49134,26.45896,0.79879,1,490.41779,93.68605,0,2077.84546,1643.5509,7.32581,0.78859,0.10765, 
38.24217,78.7623,81.05161,78.50127,56.18085,0.12234,18.83937,0.93491,0.25132,0.01202,-0.68327,-0.8165,98.57372,74.83763,-0.19379,1.85576,99.41222,0.40438,1.46874,26.51041,0.81627,1,499.74683,93.68697,0,2005.37329,1435.93091,7.11763,0.76119,0.10694, 
38.33717,77.91949,80.24311,77.71826,56.65097,0.12112,19.12897,0.95252,0.24224,0.02594,-0.78116,-0.89429,98.55954,74.82339,-1.00856,2.44053,99.42448,0.28707,1.45861,26.54194,0.80751,1,508.80023,93.68609,469.78668,2178.17188,1402.93591,6.55077,0.70125,0.10705, 
38.4217,77.39007,79.8175,77.30605,57.05842,0.12048,18.63718,0.97828,0.23404,0.03602,-0.84574,-0.93461,98.54253,74.80635,-1.6883,3.02224,99.45409,0.23072,1.46589,26.55871,0.79195,1,516.91968,93.68303,675.29004,2397.2063,1578.87146,5.96096,0.64524,0.10824, 
38.52497,77.09455,79.68392,77.1767,57.54341,0.12028,17.64209,1.00104,0.22672,0.0446,-0.84241,-0.93709,98.50616,74.76992,-2.04175,3.5732,99.50504,0.20532,1.48747,26.57287,0.77218,1,526.91522,93.67657,753.83124,2577.66064,1768.49597,5.43817,0.60396,0.11106, 
38.62118,77.28693,79.96859,77.45242,57.98737,0.12071,16.78661,1.03299,0.22455,0.04455,-0.74916,-0.89071,98.44522,74.70893,-1.81035,3.79627,99.55797,0.2386,1.51284,26.58761,0.75121,1,536.30322,93.66889,472.53778,2749.56006,2071.74878,5.43498,0.61159,0.11253, 
38.71591,77.83598,80.56413,78.02924,58.42323,0.12161,16.46625,1.03392,0.22751,0.04087,-0.61589,-0.82261,98.34305,74.6067,-1.21778,3.69206,99.60662,0.29397,1.53441,26.61052,0.75147,1,545.61591,93.66139,187.65573,2665.25513,2151.05884,5.76632,0.6504,0.11279, 
38.81013,79.7102,82.41776,79.82458,58.85873,0.1244,16.81305,1.08983,0.23081,0.01758,-0.4984,-0.75872,98.19146,74.45506,-0.08207,2.50936,99.62675,0.40613,1.53913,26.64614,0.75549,1,554.94757,93.65516,0,2552.68701,2152.573,6.78723,0.74307,0.10948, 
38.9041,80.10337,82.75632,80.15255,59.29606,0.12492,18.2205,0.9961,0.23469,0.0289,-0.43166,-0.72285,97.99428,74.25782,-0.28953,2.84212,99.64237,0.46148,1.53111,26.69882,0.79179,1,564.32477,93.65028,0,2158.1062,1845.19922,6.57912,0.72208,0.10975, 
38.98742,80.45499,83.15466,80.5384,59.68518,0.12552,19.38159,0.9542,0.23599,0.03015,-0.39694,-0.72497,97.77142,74.03492,-0.31425,2.98434,99.66611,0.40137,1.53605,26.74211,0.81122,1,572.69794,93.64701,0,2003.86816,1639.28479,6.50913,0.71575,0.10996, 
39.09041,80.98711,83.75016,81.11521,60.16488,0.12642,19.87916,0.94946,0.23584,0.02188,-0.37205,-0.75479,97.43355,73.69699,-0.24167,3.03169,99.68446,0.30658,1.53907,26.781,0.83182,1,583.12323,93.64422,0,1938.64136,1547.73743,6.62091,0.72359,0.10929, 
39.16794,81.50372,84.25797,81.60707,60.52361,0.12718,19.55643,0.96607,0.23435,-0.00182,-0.36411,-0.79003,97.14634,73.40973,-0.14116,2.96901,99.67074,0.24083,1.52582,26.79914,0.83148,1,591.02576,93.64293,0,1991.10022,1511.96899,6.75992,0.73391,0.10857, 
39.27907,82.27254,85.08224,82.40543,61.03048,0.12843,18.59216,1.01545,0.2315,-0.02294,-0.37237,-0.83887,96.73562,72.99895,-0.01806,2.80776,99.59818,0.23376,1.46555,26.81853,0.82566,1,602.4353,93.64215,0,2130.35791,1608.85583,6.94899,0.74748,0.10757, 
39.3778,83.08154,85.8773,83.1755,61.47726,0.12963,17.97663,1.02621,0.23042,-0.03125,-0.40353,-0.86995,96.38619,72.64947,0.06869,2.62194,99.50984,0.26257,1.39412,26.8397,0.82142,1,612.64923,93.64234,0,2116.7998,1543.06335,7.14258,0.75906,0.10627, 
39.46634,83.80807,86.63597,83.91032,61.87361,0.13077,17.83232,1.03582,0.22768,-0.05091,-0.45333,-0.88568,96.09642,72.35965,0.1007,2.40716,99.40364,0.3127,1.31661,26.86599,0.82293,1,621.87402,93.64314,0,2088.90283,1527.15234,7.22728,0.76435,0.10576, 
39.56766,84.67344,87.52414,84.77059,62.32266,0.13211,18.1702,1.00685,0.22559,-0.05932,-0.53517,-0.91133,95.82871,72.09187,0.082,2.20507,99.2583,0.33319,1.20603,26.90301,0.83101,1,632.50146,93.64466,0,1938.16772,1305.92188,7.2837,0.76723,0.10534, 
39.6638,85.51427,88.37029,85.59015,62.74536,0.13339,18.59347,1.00574,0.22259,-0.06149,-0.63729,-0.93902,95.65842,71.92152,-0.02064,2.05863,99.11054,0.33937,1.09324,26.93995,0.83446,1,642.65521,93.64658,0,1927.51819,1234.58679,7.33719,0.76351,0.10406, 
39.73965,86.12774,88.98647,86.18699,63.07909,0.13432,18.8997,0.98232,0.22137,-0.04869,-0.73573,-0.95569,95.5791,71.84216,-0.18723,1.97704,99.00565,0.31974,1.01057,26.96826,0.83955,1,650.71472,93.64839,0,1853.00854,1110.01636,7.38181,0.75369,0.1021, 
39.85019,86.95449,89.79524,86.97035,63.56183,0.13554,19.09451,1.01929,0.21251,-0.03813,-0.88983,-0.95385,95.51393,71.77692,-0.68479,1.84661,98.88008,0.32916,0.91665,27.00711,0.83168,1,662.53827,93.65142,339.49835,1918.95728,1169.91736,7.28625,0.72185,0.09907, 
39.94826,87.22927,90.01041,87.17879,63.97808,0.13587,19.32816,0.96723,0.20522,-0.03282,-0.98238,-0.94052,95.48783,71.75076,-1.64161,1.89964,98.78139,0.29115,0.84488,27.04132,0.82981,1,673.10016,93.65434,491.10376,1899.98608,1159.03259,6.57515,0.64529,0.09814, 
40.03715,87.06733,89.80078,86.97579,64.3469,0.13555,19.05196,0.98303,0.2004,-0.03527,-0.98894,-0.9184,95.48502,71.74789,-2.13712,2.28258,98.69509,0.24324,0.78339,27.06349,0.81043,1,682.73328,93.65709,513.56989,2126.95288,1424.83801,6.01119,0.59779,0.09945, 
40.13914,86.5896,89.32742,86.51735,64.76493,0.13484,18.38766,1.0139,0.19977,-0.0449,-0.88507,-0.87394,95.51189,71.77471,-2.04024,2.9162,98.58768,0.23382,0.70891,27.08427,0.79128,1,693.85278,93.66017,408.2579,2294.73193,1705.0741,5.7772,0.59202,0.10248, 
40.22144,86.20322,88.96356,86.16496,65.10204,0.13429,18.02385,1.05086,0.20333,-0.05222,-0.72901,-0.83053,95.5837,71.84647,-1.52022,3.42474,98.48557,0.28087,0.63762,27.10535,0.77185,1,702.87872,93.6625,73.27226,2470.83325,1976.58521,5.89845,0.6227,0.10557, 
40.3287,85.90373,88.76698,85.9746,65.55647,0.13399,18.56115,1.08351,0.2143,-0.00995,-0.49485,-0.76997,95.72598,71.98868,-0.69987,3.81637,98.39758,0.4059,0.56891,27.15217,0.77669,1,714.71405,93.66521,0,2321.78003,1999.78894,6.42887,0.68909,0.10719, 
40.42641,86.075,89.00909,86.20917,65.98198,0.13436,20.47336,1.07002,0.22081,0.01965,-0.28306,-0.73485,95.83023,72.09286,-0.2276,3.71227,98.38137,0.53472,0.56019,27.22054,0.80038,1,725.56726,93.6673,0,2031.61426,1808.58752,6.82712,0.7353,0.1077, 
40.52154,86.66893,89.66025,86.83994,66.39828,0.13534,23.18337,0.97881,0.22385,0.03637,-0.10406,-0.75465,95.86418,72.12675,-0.20252,3.25818,98.402,0.55381,0.58411,27.3009,0.84477,1,736.20087,93.66903,0,1585.71838,1299.65259,7.10922,0.74969,0.10545, 
40.60876,87.46672,90.52122,87.6739,66.77218,0.13664,25.23271,0.92928,0.22023,0.02006,0.02153,-0.82557,95.83081,72.09332,-0.46677,2.68897,98.41745,0.47652,0.61406,27.36691,0.87411,1,746.00958,93.67039,0,1458.32446,1015.5116,7.19361,0.73547,0.10224, 
40.7099,88.64857,91.70089,88.81654,67.18732,0.13842,26.04469,0.88669,0.21256,-0.00909,0.11774,-0.95014,95.77214,72.03459,-0.92715,2.11627,98.38872,0.3028,0.60957,27.41721,0.89088,1,757.45093,93.67182,0,1494.01367,748.94916,7.01714,0.70093,0.09989, 
40.79157,89.55898,92.66332,89.74871,67.50827,0.13987,25.17775,0.92643,0.20647,-0.02324,0.1648,-1.03822,95.74792,72.01031,-1.24123,1.86605,98.33644,0.18437,0.57692,27.43334,0.87739,1,766.73975,93.67294,0,1800.60132,889.8324,6.85686,0.67313,0.09817, 
40.89886,90.38966,93.29891,90.36432,67.91914,0.14083,22.86923,0.99645,0.20448,-0.0366,0.20389,-1.08343,95.76501,72.02734,-1.2481,1.75514,98.24369,0.1209,0.51541,27.43584,0.84994,1,779.00989,93.67444,0,2119.71973,1143.91785,6.81362,0.6662,0.09778, 
40.99628,90.66756,93.59229,90.64847,68.28993,0.14127,20.9009,1.05823,0.20433,-0.04127,0.22703,-1.05697,95.83773,72.09999,-1.10216,1.74435,98.14289,0.18527,0.44874,27.44154,0.82983,1,790.21393,93.67583,0,2284.37427,1419.73401,6.86574,0.67178,0.09785, 
41.09153,90.99589,93.90446,90.95084,68.655,0.14175,20.03895,1.05827,0.20627,-0.03291,0.24809,-1.00689,95.96462,72.22682,-0.90486,1.87196,98.05361,0.26968,0.38911,27.4632,0.82562,1,801.22858,93.6772,0,2181.47583,1397.06177,6.95163,0.68185,0.09808, 
41.17931,91.2612,94.20696,91.24387,68.99596,0.1422,20.16615,1.04728,0.20935,-0.02132,0.27822,-0.9649,96.12926,72.39141,-0.60133,2.09792,97.98754,0.3474,0.34552,27.49836,0.84126,1,811.4317,93.67842,0,2002.91235,1307.25171,7.03784,0.6978,0.09915, 
41.28063,91.53244,94.49141,91.51943,69.39967,0.14263,21.06498,1.01633,0.21564,-0.00018,0.33806,-0.94002,96.36775,72.62982,-0.11625,2.44114,97.9453,0.38195,0.32012,27.54971,0.86358,1,823.27173,93.6797,0,1719.14844,1010.98499,7.23774,0.73066,0.10095, 
41.36328,91.67445,94.67538,91.69765,69.73758,0.14291,21.99793,1.00536,0.22112,0.01672,0.41066,-0.93298,96.5906,72.85262,0.34329,2.78001,97.93695,0.39802,0.32131,27.59567,0.89063,1,832.98242,93.68062,0,1522.73376,834.68115,7.35708,0.76059,0.10338, 
41.47065,91.79218,94.82755,91.84512,70.18945,0.14314,23.16401,0.999,0.22971,0.03974,0.53715,-0.93528,96.89929,73.16124,0.94681,3.1876,97.96272,0.38842,0.35405,27.65526,0.91224,1,845.66943,93.68143,0,1306.91907,569.12543,7.59421,0.80859,0.10648, 
41.55297,91.84831,94.8679,91.88426,70.54363,0.1432,23.96054,0.99607,0.23559,0.05373,0.65276,-0.93817,97.13564,73.39754,1.3176,3.46829,98.00486,0.39149,0.39939,27.70112,0.93493,1,855.45197,93.68137,0,1135.4458,425.45932,7.75197,0.84243,0.10867, 
41.6709,91.83762,94.89804,91.91354,71.05842,0.14325,24.91282,0.99475,0.24093,0.0691,0.85348,-0.94793,97.45121,73.71303,1.71568,3.72486,98.09288,0.37674,0.48882,27.76452,0.94511,1,869.55414,93.67973,0,1061.24573,321.95276,7.71477,0.86159,0.11168, 
41.77683,91.81357,94.89222,91.90796,71.51968,0.14324,25.50708,0.98181,0.24309,0.07878,1.11928,-0.96617,97.68296,73.9447,1.91705,3.72758,98.19427,0.35351,0.58954,27.81816,0.95391,1,882.30804,93.67673,0,995.44849,231.00806,7.62091,0.86741,0.11382, 
41.88029,91.7253,94.69633,91.71828,71.95947,0.14294,25.83018,0.99045,0.24242,0.07366,1.47445,-0.98731,97.84458,74.10625,1.77216,3.34746,98.2914,0.35369,0.68766,27.86806,0.95228,1,894.84296,93.6728,0,1081.96179,238.7,7.74298,0.86933,0.11227, 
41.98281,91.68247,94.69243,91.71457,72.37945,0.14294,26.00866,0.98192,0.23945,0.05335,1.8804,-0.99838,97.94601,74.20761,1.64074,2.51359,98.36586,0.32618,0.76794,27.91446,0.9414,1,907.33905,93.6686,0,1181.80225,169.81468,7.77925,0.85657,0.11011, 
42.08077,92.21636,95.32675,92.32899,72.76393,0.14389,26.00462,1.0079,0.24078,0.0299,2.32395,-0.98211,98.01086,74.27238,2.04024,1.79815,98.4027,0.33695,0.81044,27.95758,0.93918,1,919.34406,93.66506,0,1211.56799,159.48792,7.81034,0.86712,0.11102, 
42.17648,93.09584,96.3243,93.29522,73.13253,0.1454,26.39132,1.07281,0.25054,0.0159,2.85395,-0.93691,98.0751,74.33656,3.05868,1.53373,98.41187,0.41414,0.82209,28.00912,0.93618,1,931.13385,93.66231,0,1172.78638,83.5639,7.9287,0.92433,0.11658, 
42.26457,93.93052,97.33522,94.27443,73.47421,0.14693,27.85746,1.11342,0.26608,0.01495,3.46373,-0.88426,98.15386,74.41527,4.22839,1.7051,98.41263,0.553,0.82102,28.07994,0.97532,1,942.03857,93.66037,0,741.83368,0,8.04713,1.00159,0.12447, 
42.36612,94.79797,98.3642,95.2712,73.87258,0.14848,31.72919,1.15362,0.28599,0.028,4.29651,-0.93026,98.27112,74.53246,5.34146,2.19208,98.42538,0.78901,0.82527,28.20465,1.06651,1,954.67273,93.65885,0,9.18179,0,8.33074,1.10054,0.13211, 
42.44835,95.22166,98.85768,95.74933,74.19077,0.14922,37.06587,1.21002,0.29684,0.04102,5.023,-1.12641,98.37992,74.64119,5.83589,2.66177,98.44987,1.04275,0.84149,28.35149,1.19695,1,964.95361,93.65814,0,0,0,8.36753,1.14402,0.13672, 
42.55592,95.46237,99.06799,95.95335,74.58272,0.14954,47.81657,1.23507,0.30215,0.06232,5.97763,-1.54682,98.52134,74.78253,5.91683,3.08231,98.50055,1.43746,0.88222,28.62337,1.44825,1,978.46698,93.65781,0,0,0,8.44563,1.16323,0.13773, 
42.65381,95.34789,98.90138,95.79237,74.90677,0.14929,61.43432,1.22155,0.30153,0.07383,6.82213,-2.03643,98.6236,74.88473,5.8766,3.10091,98.55321,1.79265,0.93634,28.95262,1.75869,1,990.82147,93.65797,0,0,0,8.32036,1.15378,0.13867, 
42.7653,94.95966,98.45282,95.35847,75.24437,0.14862,80.71859,1.21936,0.30622,0.06814,7.75993,-2.68935,98.68353,74.94456,6.13429,2.74404,98.59766,2.18606,1.00418,29.42209,2.21911,1,1004.95587,93.65849,0,0,0,8.22109,1.16043,0.14115, 
42.8634,94.47378,98.14668,95.06256,75.52308,0.14815,100.83539,1.25616,0.31869,0.05734,8.57831,-3.31122,98.69161,74.95258,6.72299,2.36787,98.60138,2.56105,1.05141,29.91905,2.69876,1,1017.44104,93.6591,0,0,0,8.24357,1.20124,0.14572, 
42.95842,94.3711,98.11035,95.02807,75.77577,0.1481,123.42205,1.29116,0.32727,0.05306,9.33816,-3.86214,98.68176,74.94266,7.10573,2.39674,98.57412,2.98188,1.08505,30.48751,3.25321,1,1029.57764,93.65966,0,0,0,8.27362,1.23501,0.14927, 
43.043,94.23575,98.00443,94.92614,75.98638,0.14794,146.3584,1.31494,0.33396,0.05227,9.96129,-4.27704,98.67283,74.93367,7.38795,2.48079,98.53234,3.3918,1.111,31.07584,3.82651,1,1040.41455,93.66009,0,0,0,8.27055,1.26005,0.15235, 
43.14632,94.04412,97.89502,94.8212,76.22755,0.14778,178.2695,1.34654,0.34235,0.05325,10.6357,-4.66334,98.67526,74.93604,7.70074,2.65516,98.46429,3.93518,1.1405,31.90701,4.62999,1,1053.68933,93.66015,0,0,0,8.30332,1.29296,0.15572, 
43.22409,93.95011,97.85945,94.78761,76.39879,0.14773,205.25549,1.36463,0.34658,0.05747,11.06308,-4.85003,98.69299,74.9537,7.83848,2.80596,98.40665,4.37101,1.16307,32.62034,5.32762,1,1063.70996,93.65955,0,0,0,8.33722,1.31133,0.15729, 
43.3357,93.93704,97.91492,94.84271,76.62807,0.14781,248.33209,1.38019,0.34625,0.05355,11.53083,-4.89794,98.7616,75.02222,7.8639,3.08649,98.31342,5.01781,1.19394,33.78489,6.45171,1,1078.12793,93.65763,0,0,0,8.31511,1.32488,0.15933, 
43.43553,94.1302,98.13522,95.05757,76.81694,0.14815,291.15543,1.36927,0.34015,0.06592,11.78194,-4.69134,98.88166,75.14221,7.63762,3.40526,98.24034,5.59779,1.22312,34.96673,7.60234,1,1091.05859,93.65519,0,0,0,8.30353,1.30889,0.15763, 
43.52536,94.46599,98.46662,95.37997,76.97502,0.14865,332.64926,1.34773,0.33096,0.08674,11.88262,-4.36188,99.00217,75.26266,7.21287,3.69341,98.21295,6.09999,1.26763,36.14357,8.74565,1,1102.72058,93.65292,0,0,0,8.35008,1.28046,0.15335, 
43.62887,95.04105,98.9903,95.88909,77.13758,0.14945,383.22964,1.305,0.31275,0.09286,11.88902,-3.90144,99.11668,75.37709,6.53831,4.02671,98.2117,6.62369,1.33358,37.62044,10.18073,1,1116.18579,93.65075,0,0,0,8.26013,1.2276,0.14862, 
43.7271,95.72427,99.6186,96.4996,77.26987,0.1504,432.93527,1.2601,0.29328,0.0909,11.81234,-3.38793,99.20168,75.46202,5.7794,4.31736,98.23403,7.05601,1.40259,39.12868,11.65901,1,1128.98865,93.64921,0,0,0,8.15349,1.17139,0.14367, 
43.80504,96.31476,100.14053,97.00675,77.35971,0.15119,472.84918,1.21771,0.27822,0.09622,11.70652,-2.91771,99.26426,75.52454,5.15396,4.51949,98.26683,7.34571,1.4577,40.38905,12.8857,1,1139.16077,93.64835,0,0,0,8.01293,1.12095,0.13989, 
43.91836,97.11293,100.87811,97.72365,77.47255,0.15231,530.49231,1.16114,0.26158,0.10807,11.52803,-2.12159,99.34176,75.60196,4.47732,4.72451,98.35201,7.68273,1.55032,42.30474,14.76933,1,1153.97021,93.64767,0,0,0,7.69403,1.05364,0.13694, 
44.02052,97.60706,101.29807,98.13279,77.56774,0.15295,581.10608,1.14375,0.25707,0.12069,11.4094,-1.322,99.36359,75.62372,4.3355,4.59943,98.47575,7.93417,1.6539,44.09859,16.53553,1,1167.33862,93.64763,0,0,0,7.47394,1.02868,0.13764, 
44.11182,97.77288,101.3811,98.21528,77.65807,0.15308,625.04443,1.15577,0.26041,0.11291,11.37275,-0.5641,99.31304,75.5731,4.60066,4.15126,98.60739,8.15829,1.75095,45.75269,18.1631,1,1179.30029,93.64799,0,0,0,7.41324,1.0367,0.13984, 
44.21679,97.62843,101.14042,97.98466,77.77625,0.15272,674.38593,1.19304,0.27027,0.0889,11.42408,0.34315,99.18339,75.44336,5.15256,3.31611,98.75619,8.45326,1.83723,47.7181,20.11326,1,1193.07153,93.64874,0,0,0,7.49124,1.07416,0.14339, 
44.30159,97.36156,100.80578,97.66243,77.8847,0.15222,713.89307,1.22618,0.27903,0.06784,11.52551,1.06344,99.04031,75.30022,5.56601,2.5136,98.86844,8.7344,1.87909,49.36505,21.69007,1,1204.21301,93.64953,0,0,0,7.60603,1.11108,0.14608, 
44.41262,96.84972,100.29369,97.16924,78.0374,0.15145,765.92853,1.25188,0.28502,0.03673,11.70257,1.83983,98.8246,75.08443,5.7906,1.51225,99.00027,9.14646,1.89739,51.61359,23.9393,1,1218.82446,93.65067,0,0,0,7.77582,1.1467,0.14747, 
44.51376,96.45863,99.81627,96.70941,78.17287,0.15073,814.01074,1.23283,0.28023,0.01055,11.84324,2.30821,98.63249,74.89225,5.53592,0.85682,99.09921,9.52193,1.87902,53.75674,26.08905,1,1232.16052,93.65169,0,0,0,7.83862,1.14113,0.14558, 
44.6285,96.22169,99.52955,96.43475,78.3069,0.15031,868.84668,1.17871,0.26702,-0.00489,11.91778,2.613,98.47192,74.7316,4.86765,0.56342,99.19023,9.88496,1.83006,56.28944,28.60923,1,1247.3147,93.65277,0,0,0,7.83201,1.09862,0.14027, 
44.73041,96.237,99.47365,96.38354,78.40357,0.15023,916.77887,1.12057,0.2535,-0.00425,11.89399,2.75245,98.40623,74.66583,4.19866,0.67361,99.26618,10.12286,1.7772,58.60873,30.92393,1,1260.79456,93.65366,0,0,0,7.72857,1.04639,0.13539, 
44.82922,96.52858,99.78967,96.69264,78.47845,0.15071,961.49084,1.06669,0.24093,0.01283,11.80861,2.84792,98.41818,74.6777,3.58834,1.30151,99.35287,10.26885,1.73573,60.90074,33.20403,1,1273.87805,93.65447,0,0,0,7.56869,0.98996,0.1308, 
44.91665,97.08512,100.63309,97.51238,78.53725,0.15199,999.00049,1.06899,0.23593,0.03499,11.72525,2.9626,98.47895,74.73841,3.60113,1.89127,99.45423,10.37207,1.71926,62.95329,35.22123,1,1285.4635,93.65521,0,0,0,7.3882,0.97457,0.13191, 
45.02459,98.34109,101.93822,98.78042,78.60909,0.15397,1042.83948,1.10869,0.23671,0.06961,11.66605,3.21071,98.5772,74.83659,3.97785,2.60617,99.6362,10.53329,1.74374,65.52168,37.76201,1,1299.77954,93.6562,0,0,0,7.22392,0.98382,0.13619, 
45.11134,99.08704,102.75293,99.57248,78.67358,0.1552,1076.7583,1.152,0.24007,0.08263,11.68981,3.49846,98.6369,74.89622,4.25758,2.69397,99.81866,10.71593,1.78871,67.62285,39.82688,1,1311.29419,93.65716,0,0,0,7.24758,1.0064,0.13886, 
45.22216,99.78068,103.28479,100.0916,78.75587,0.15602,1119.42542,1.15699,0.23692,0.07571,11.79255,3.9294,98.65659,74.91582,3.97975,2.31777,100.067,10.98507,1.84937,70.36884,42.53053,1,1326.01965,93.65862,0,0,0,7.38639,1.00284,0.13577, 
45.32358,99.95026,103.18576,99.99902,78.81245,0.15587,1157.83325,1.08591,0.2248,0.06051,11.92088,4.30859,98.61797,74.87714,2.99434,1.86944,100.28387,11.17331,1.89164,72.93658,45.0647,1,1339.50696,93.66021,0,0,0,7.43874,0.94656,0.12725, 
45.42263,99.52452,102.56506,99.40078,78.84203,0.15494,1193.52881,0.97393,0.213,0.05252,12.06548,4.61209,98.54211,74.8012,1.85116,1.65459,100.47673,11.21789,1.92125,75.46934,47.55752,1,1352.6864,93.66192,0,0,0,7.22028,0.86239,0.11944, 
45.52303,98.56671,101.42998,98.30399,78.85721,0.15323,1226.09155,0.89266,0.20972,0.05359,12.25405,4.82144,98.4399,74.69891,1.14497,1.85527,100.66319,11.12851,1.95231,78.0277,50.27464,0,1366.04736,93.66367,0,0,0,6.97984,0.80952,0.11598, 
45.62622,97.29852,100.12504,97.04258,78.87453,0.15127,1254.58643,0.86616,0.21533,0.06642,12.52169,4.95963,98.31075,74.56969,1.34463,2.38794,100.86492,10.96114,2.00076,80.62418,52.62444,0,1379.78394,93.66533,0,0,0,6.76311,0.8042,0.11891, 
45.72157,96.20511,99.16538,96.11536,78.90306,0.14982,1276.52063,0.92055,0.2275,0.08212,12.87569,5.0652,98.16245,74.42133,2.31527,2.91255,101.07581,10.83863,2.06387,82.99078,55.20374,0,1392.48022,93.66628,0,0,0,6.8564,0.86795,0.12659, 
45.83373,95.55103,98.86525,95.82798,78.95265,0.14938,1298.54785,1.03603,0.24417,0.09426,13.3951,5.18304,97.9296,74.18839,3.63518,3.17525,101.36233,10.83728,2.15065,85.76154,57.86323,0,1407.42297,93.66541,0,0,0,7.19994,0.98008,0.13612, 
45.94154,96.07362,99.59813,96.54175,79.0009,0.15049,1318.56079,1.13691,0.25205,0.08286,13.90017,5.25286,97.61887,73.87757,4.34409,2.55537,101.65846,11.00433,2.22452,88.45139,60.53192,0,1421.79431,93.66275,0,0,0,7.60737,1.05955,0.13928, 
46.03685,97.35274,101.09647,97.99714,79.02554,0.15276,1337.13623,1.19753,0.24948,0.05006,14.26654,5.18404,97.27145,73.5301,4.40311,1.29015,101.89735,11.25796,2.25595,90.88068,62.79367,0,1434.50562,93.66038,0,0,0,7.98352,1.08409,0.13579, 
46.14399,99.53069,103.29507,100.1321,79.01399,0.15609,1360.21594,1.21041,0.23506,-0.00122,14.51865,4.88135,96.83742,73.09599,3.87388,-0.37127,102.10387,11.60053,2.23409,93.68614,65.64174,0,1448.7959,93.65847,0,0,0,8.13529,1.05102,0.12919, 
46.23347,101.35609,105.13863,101.92228,78.96769,0.15888,1381.32739,1.19524,0.22139,-0.04678,14.58441,4.40594,96.48786,72.74637,3.26529,-1.76112,102.20646,11.88313,2.16502,96.09244,67.85538,0,1460.72449,93.65766,0,0,0,8.02458,1.0025,0.12493, 
46.34184,103.1385,106.79479,103.53192,78.87791,0.16139,1408.65686,1.17157,0.21088,-0.09864,14.52523,3.54708,96.15826,72.41668,2.84857,-3.00863,102.23554,12.20198,2.01776,99.07787,70.91893,0,1475.15979,93.65772,0,0,0,7.55375,0.95192,0.12602, 
46.42305,103.72702,107.30593,104.03057,78.80218,0.16217,1430.05798,1.17567,0.21238,-0.12159,14.4225,2.72121,96.02978,72.28815,2.91619,-3.48552,102.19729,12.43509,1.8704,101.36234,73.15989,0,1485.96472,93.65852,0,0,0,7.34082,0.9449,0.12872, 
46.53775,103.57072,107.02519,103.76281,78.71277,0.16176,1461.57117,1.2114,0.22669,-0.12661,14.26349,1.32635,96.0765,72.33479,3.54453,-3.35925,102.08608,12.79673,1.64462,104.66371,76.55756,0,1501.21008,93.66053,0,0,0,7.32186,0.97629,0.13334, 
46.64041,102.66025,105.99349,102.76667,78.67538,0.16021,1491.66028,1.25622,0.24486,-0.09306,14.14868,-0.058,96.33868,72.59688,4.33326,-2.38392,101.97523,13.18655,1.4708,107.70399,79.6682,0,1514.84253,93.66287,0,0,0,7.55979,1.03087,0.13636, 
46.74025,101.66318,105.00977,101.81696,78.6751,0.15873,1523.30396,1.2819,0.25642,-0.05076,14.07306,-1.46624,96.75427,73.01241,4.76467,-1.18121,101.87311,13.60973,1.34804,110.75368,82.61365,0,1528.10022,93.66536,0,0,0,7.81677,1.07193,0.13713, 
46.82766,100.97275,104.3009,101.1331,78.69133,0.15766,1553.07874,1.26864,0.256,-0.00726,14.01633,-2.77801,97.19669,73.45477,4.70615,-0.04414,101.80206,13.98031,1.28535,113.50379,85.21562,0,1539.70825,93.66754,0,0,0,7.93661,1.07643,0.13563, 
46.93372,100.15265,103.09827,99.97161,78.70556,0.15585,1591.2699,1.1663,0.24306,0.04251,13.92592,-4.55337,97.7505,74.0085,3.79127,1.03436,101.74081,14.35108,1.26984,116.9305,88.7838,0,1553.79578,93.67003,0,0,0,7.94187,1.01584,0.12791, 
47.01252,98.87749,101.84977,98.76433,78.69843,0.15397,1619.84656,1.04165,0.22876,0.06964,13.84585,-5.94453,98.13055,74.38849,2.61316,1.50679,101.70838,14.48024,1.29908,119.51688,91.17352,0,1564.26416,93.67177,0,0,0,7.80492,0.93289,0.11953, 
47.12397,98.14871,101.24461,98.18217,78.65546,0.15307,1657.66333,0.90228,0.21079,0.09113,13.74408,-7.93331,98.56187,74.81973,1.21744,1.76202,101.6724,14.45836,1.39179,123.18359,94.89658,0,1579.06274,93.67403,0,0,0,7.36182,0.82116,0.11154, 
47.22275,98.25994,101.43742,98.37337,78.59445,0.15337,1686.59448,0.84775,0.20317,0.09715,13.70963,-9.65475,98.80529,75.06308,0.73419,1.76741,101.62939,14.31726,1.50782,126.40803,98.18484,0,1592.17029,93.6758,0,0,0,7.01655,0.76911,0.10961, 
47.31139,98.66875,101.87245,98.79887,78.53592,0.15403,1708.45435,0.86753,0.20501,0.09622,13.75433,-11.12726,98.89449,75.15221,1.04713,1.77409,101.56407,14.17917,1.61778,129.26913,101.11174,0,1603.92224,93.67724,0,0,0,6.9951,0.7785,0.11129, 
47.41225,99.11056,102.33636,99.25307,78.47883,0.15474,1729.27209,0.95494,0.21627,0.09667,13.9036,-12.69387,98.85445,75.11211,2.04918,1.97859,101.43764,14.10188,1.72977,132.49911,104.17101,0,1617.28723,93.67874,0,0,0,7.20639,0.84572,0.11736, 
47.50848,99.33566,102.63834,99.54998,78.44376,0.15521,1746.85486,1.06228,0.23306,0.10507,14.13391,-14.07136,98.68652,74.94411,3.24334,2.50309,101.25935,14.16235,1.82454,135.57935,107.3381,0,1630.02844,93.68005,0,0,0,7.34687,0.9326,0.12694, 
47.58421,99.285,102.72596,99.63818,78.43131,0.15535,1760.46887,1.14356,0.24682,0.11638,14.34749,-15.08215,98.47516,74.7327,3.99579,3.07953,101.08117,14.31005,1.897,138.02397,109.66351,0,1640.05432,93.68098,0,0,0,7.45877,1.00154,0.13428, 
47.69425,98.9817,102.50252,99.42608,78.4283,0.15502,1781.64294,1.20579,0.2588,0.13699,14.63373,-16.441,98.0607,74.31815,4.48159,3.97642,100.78229,14.63078,2.0099,141.63696,113.13172,0,1654.62109,93.68211,0,0,0,7.51644,1.0615,0.14122, 
47.79268,98.57044,102.11516,99.05466,78.42313,0.15444,1802.79565,1.18521,0.25593,0.15047,14.80657,-17.38173,97.6041,73.86148,4.16368,4.65888,100.49858,14.93569,2.12616,144.93945,116.47656,0,1667.64929,93.68228,0,0,0,7.46491,1.05333,0.1411, 
47.8807,98.13871,101.6131,98.57142,78.40174,0.15369,1823.1073,1.1401,0.24569,0.15726,14.83003,-17.93451,97.14082,73.39815,3.39141,4.95986,100.25097,15.16718,2.24303,147.94537,119.55368,0,1679.29883,93.68117,0,0,0,7.49338,1.02566,0.13688, 
47.98181,97.61836,100.98438,97.96609,78.35495,0.15275,1847.02673,1.06062,0.23392,0.13967,14.64517,-18.37055,96.56252,72.81977,2.61658,4.65472,99.97381,15.33373,2.38319,151.43979,122.81876,0,1692.67346,93.67822,0,0,0,7.4241,0.96763,0.13034, 
48.06441,97.23921,100.42613,97.42798,78.30497,0.15191,1865.96875,0.98965,0.22554,0.12047,14.34867,-18.6749,96.06541,72.3226,1.92469,4.19286,99.74213,15.37695,2.48359,154.31004,125.73738,0,1703.59412,93.67467,0,0,0,7.39045,0.91449,0.12374, 
48.1715,96.63531,99.70559,96.73385,78.22697,0.15083,1888.09814,0.87089,0.21364,0.08788,13.83625,-19.09764,95.40594,71.66306,0.92382,3.46799,99.4395,15.28487,2.59032,158.0208,129.60818,0,1717.73853,93.66926,0,0,0,7.03991,0.81907,0.11635, 
48.26901,96.07618,99.04081,96.09312,78.1429,0.14983,1904.00452,0.74848,0.20442,0.0584,13.38658,-19.56197,94.79369,71.05073,0.15486,2.77215,99.16689,15.01718,2.65273,161.35341,132.77826,0,1730.60498,93.66441,0,0,0,6.28934,0.71586,0.11382, 
48.36435,95.53561,98.4296,95.50413,78.05491,0.14892,1913.96497,0.69063,0.20134,0.036,13.12765,-20.11279,94.16136,70.41833,-0.26159,2.056,98.89745,14.63382,2.68155,164.53511,136.09042,0,1743.17029,93.66036,0,0,0,5.9598,0.67037,0.11248, 
48.45191,94.98292,97.83361,94.92931,77.97511,0.14802,1917.82483,0.67469,0.2026,0.01966,13.08046,-20.70174,93.55367,69.81059,-0.30831,1.44126,98.63068,14.23652,2.67639,167.37555,138.968,0,1754.69934,93.65731,0,0,0,5.91914,0.66294,0.112, 
48.55286,94.44648,97.2233,94.34115,77.88757,0.14711,1915.99451,0.69374,0.20821,0.00184,13.23889,-21.4617,92.82914,69.08597,0.09222,0.74831,98.28728,13.7726,2.6357,170.55034,141.79807,0,1767.97681,93.65453,0,0,0,6.10621,0.6881,0.11269, 
48.64858,93.87431,96.68947,93.82678,77.80888,0.1463,1908.82861,0.74968,0.21719,-0.01506,13.58119,-22.24167,92.13116,68.38793,0.92846,0.18029,97.90668,13.37332,2.56338,173.46603,144.839,0,1780.55127,93.6525,0,0,0,6.43505,0.74806,0.11625, 
48.74368,93.39854,96.23631,93.39053,77.73239,0.14563,1897.71887,0.83722,0.22936,-0.02833,14.07323,-23.0289,91.44968,67.70638,2.07595,-0.26958,97.46048,13.06001,2.46877,176.28621,147.70815,0,1793.03308,93.65102,0,0,0,6.78846,0.83883,0.12357, 
48.8382,92.97315,95.95331,93.11926,77.65601,0.1452,1884.28979,0.94166,0.24561,-0.03729,14.67159,-23.78699,90.80863,67.06525,3.46152,-0.54455,96.93935,12.86155,2.36289,179.0352,150.06168,0,1805.427,93.65003,0,0,0,7.02884,0.94466,0.1344, 
48.94868,92.65714,95.94719,93.11713,77.57011,0.1452,1867.84412,1.11367,0.27715,-0.02389,15.46647,-24.61673,90.13593,66.39247,5.6406,-0.12181,96.22729,12.8134,2.23897,182.21591,153.48524,0,1819.89856,93.6494,0,0,0,7.24181,1.11234,0.1536, 
49.04658,92.95863,96.89822,94.04368,77.51696,0.14665,1855.53223,1.32708,0.3181,0.01607,16.16622,-25.23727,89.62157,65.87804,7.78737,1.12682,95.50127,13.0594,2.17525,185.06052,156.33551,0,1832.71008,93.64928,0,0,0,7.39267,1.29754,0.17552, 
49.14238,94.18234,98.66039,95.75751,77.48049,0.14932,1848.91602,1.49449,0.34337,0.05032,16.69739,-25.63786,89.2286,65.485,8.78217,2.16496,94.71135,13.55596,2.15296,187.92876,159.16466,0,1845.23901,93.64957,0,0,0,7.50889,1.41057,0.18785, 
49.22702,95.68964,100.40879,97.45767,77.44769,0.15198,1849.245,1.56033,0.34195,0.07282,16.91083,-25.75477,89.01762,65.27397,8.58918,2.83303,93.97959,14.12348,2.15444,190.56917,161.84483,0,1856.30518,93.65023,0,0,0,7.70771,1.42347,0.18468, 
49.3307,98.09118,102.58201,99.57152,77.38824,0.15527,1858.16064,1.51848,0.30898,0.08989,16.78286,-25.61246,88.94389,65.20014,7.28331,3.34858,93.10587,14.8301,2.17598,193.95052,164.93785,0,1869.85193,93.65166,0,0,0,7.88929,1.32894,0.16845, 
49.40884,99.77084,103.91969,100.87344,77.32299,0.15731,1870.16199,1.41649,0.27421,0.0983,16.42165,-25.34016,89.00311,65.25931,5.80733,3.55105,92.50283,15.28038,2.2039,196.59512,167.69611,0,1880.05322,93.6533,0,0,0,7.96276,1.20957,0.1519, 
49.52287,101.40452,105.17379,102.09597,77.20232,0.15921,1892.67944,1.21591,0.22937,0.10133,15.59302,-24.78848,89.19719,65.45331,3.53841,3.70144,91.74615,15.71557,2.26167,200.56223,171.6949,0,1894.92078,93.65664,0,0,0,7.77079,1.01652,0.13081, 
49.62785,101.93925,105.32618,102.24891,77.07937,0.15946,1914.90356,1.02584,0.20472,0.09811,14.72667,-24.23236,89.3832,65.63924,1.96577,3.69868,91.1926,15.83339,2.3337,204.26474,175.41026,0,1908.58801,93.66061,0,0,0,7.08763,0.8575,0.12099, 
49.71025,101.59677,104.78844,101.73075,76.98827,0.15865,1930.91248,0.91725,0.19848,0.09134,14.11844,-23.81853,89.46913,65.72511,1.26378,3.58703,90.83215,15.77007,2.40078,207.16629,178.41197,0,1919.29919,93.66421,0,0,0,6.60794,0.77591,0.11742, 
49.82845,100.32161,103.2407,100.23355,76.88221,0.15632,1949.45227,0.85241,0.20312,0.08056,13.50716,-23.31531,89.43936,65.69526,1.10758,3.17359,90.36855,15.54332,2.49493,211.28241,182.34067,0,1934.64502,93.66981,0,0,0,6.37342,0.74343,0.11665, 
49.93344,98.67373,101.91122,98.94756,76.82089,0.15431,1960.75732,0.87503,0.21229,0.07097,13.25113,-23.02555,89.25416,65.50997,1.61185,2.75699,89.9572,15.30783,2.55797,214.87962,185.99165,0,1948.26208,93.67477,0,0,0,6.60869,0.78258,0.11842, 
50.04807,98.78312,102.11807,99.15343,76.78635,0.15464,1968.85864,0.99086,0.22073,0.08141,13.22483,-22.89357,88.8922,65.14793,2.67482,2.75388,89.46625,15.19149,2.62068,218.76109,190.00935,0,1963.11914,93.67989,0,0,0,7.01856,0.88124,0.12556, 
50.14576,99.10808,102.50664,99.53512,76.77229,0.15523,1974.33179,1.05398,0.22314,0.07645,13.29749,-22.85939,88.48548,64.74113,3.02188,2.40767,89.00187,15.20368,2.66649,222.06219,193.01997,0,1975.77771,93.68389,0,0,0,7.33181,0.93083,0.12696, 
50.23916,99.80527,103.2538,100.26481,76.75385,0.15637,1979.46252,1.07434,0.21746,0.06528,13.36737,-22.87352,88.04969,64.30527,2.84917,2.00735,88.52682,15.25583,2.69479,225.22638,196.29886,0,1987.87805,93.68753,0,0,0,7.52736,0.93645,0.12441, 
50.32165,100.70013,104.24892,101.23467,76.72266,0.15789,1984.11377,1.06345,0.20777,0.05385,13.386,-22.91459,87.65905,63.91457,2.36783,1.76649,88.09261,15.29799,2.70626,228.02979,198.96233,0,1998.56238,93.6907,0,0,0,7.63088,0.91068,0.11934, 
50.42244,102.18214,105.72231,102.67023,76.66006,0.16013,1989.63452,1.03382,0.19424,0.04741,13.35398,-22.99222,87.20139,63.45684,1.74749,1.79464,87.56165,15.31199,2.70686,231.45879,202.51483,0,2011.60706,93.69462,0,0,0,7.50992,0.8618,0.11475, 
50.49751,103.34415,106.91702,103.83396,76.59976,0.16194,1993.31335,1.0209,0.18712,0.05219,13.31067,-23.06433,86.87798,63.13337,1.44788,2.08279,87.17396,15.30189,2.70648,234.01056,205.00378,0,2021.31519,93.69767,0,0,0,7.37208,0.83207,0.11287, 
50.6057,104.74896,108.32631,105.20762,76.5072,0.16409,1997.83154,1.04244,0.18493,0.06934,13.26022,-23.1723,86.42183,62.67714,1.62007,2.83775,86.62635,15.30097,2.72056,237.68307,208.53654,0,2035.29285,93.70237,0,0,0,7.13073,0.82595,0.11583, 
50.70192,106.03915,109.73939,106.58464,76.42887,0.16624,2001.55859,1.10328,0.18931,0.1145,13.26787,-23.19135,85.98151,62.23674,2.19776,4.19825,86.17307,15.37481,2.78081,240.95401,212.07704,0,2047.70911,93.70682,0,0,0,6.87261,0.84944,0.1236, 
50.79487,106.17101,109.90617,106.75114,76.38184,0.1665,2006.08557,1.18785,0.20376,0.12656,13.32321,-23.13026,85.49322,61.74838,3.046,4.54485,85.70905,15.5589,2.85538,244.14011,215.21935,0,2059.69434,93.71131,0,0,0,6.92626,0.90981,0.13136, 
50.87745,105.93494,109.6075,106.46484,76.36299,0.16606,2011.8418,1.22772,0.21475,0.12918,13.39079,-23.04273,84.99965,61.25475,3.67097,4.42391,85.27633,15.79274,2.92179,247.01071,218.21017,0,2070.33911,93.71539,0,0,0,6.88462,0.94444,0.13718, 
50.97851,104.4533,107.60451,104.52431,76.36629,0.16303,2021.77234,1.24898,0.23383,0.10864,13.49945,-22.93894,84.30429,60.55931,4.19531,3.57109,84.71852,16.11382,2.99123,250.58546,221.40425,0,2083.36426,93.72026,0,0,0,7.07235,0.99704,0.14098, 
51.05428,102.31178,105.21362,102.20554,76.38414,0.15942,2031.23718,1.20038,0.24109,0.07021,13.56807,-22.88833,83.73743,59.9924,3.99227,2.31061,84.27706,16.31672,3.01806,253.30917,224.25381,0,2093.13062,93.72369,0,0,0,7.35443,1.00385,0.1365, 
51.1627,99.38631,102.05608,99.14333,76.39349,0.15464,2046.1814,1.05995,0.23579,0.00319,13.61791,-22.86279,82.9277,59.18259,2.94517,0.18402,83.62939,16.42852,2.99574,257.24554,228.27242,0,2107.11011,93.72789,0,0,0,7.52841,0.94522,0.12555, 
51.25909,97.28464,100.01965,97.16955,76.36957,0.15157,2058.37256,0.92814,0.22656,-0.05304,13.6326,-22.88307,82.28402,58.53883,1.93726,-1.29769,83.0477,16.31755,2.89468,260.73941,231.87808,0,2119.53564,93.72896,0,0,0,7.20722,0.86385,0.11986, 
51.34571,96.1196,98.96563,96.14938,76.32724,0.14998,2066.56006,0.85506,0.22078,-0.08217,13.68255,-22.95385,81.8108,58.06555,1.48338,-1.88036,82.52628,16.08376,2.74213,263.84134,234.87076,0,2130.69775,93.72588,0,0,0,6.82295,0.81332,0.1192, 
51.44514,95.75631,98.80664,95.99947,76.27048,0.14974,2071.55078,0.8569,0.21946,-0.08282,13.84905,-23.11854,81.39939,57.65406,1.73673,-1.5495,81.92654,15.77367,2.53646,267.33978,238.26797,0,2143.50195,93.71783,0,0,0,6.79733,0.81625,0.12008, 
51.53968,96.08512,99.28022,96.46377,76.22101,0.15047,2072.3147,0.91458,0.22224,-0.06586,14.13836,-23.35814,81.13024,57.38484,2.41338,-0.76781,81.34653,15.52624,2.35872,270.60724,241.91794,0,2155.66699,93.70765,0,0,0,6.99915,0.86084,0.12299, 
51.61451,96.76603,100.08263,97.24668,76.18653,0.15169,2070.99829,0.98315,0.22526,-0.04469,14.44716,-23.60044,80.98923,57.24378,2.99707,-0.09172,80.87553,15.40473,2.24871,273.16415,244.23634,0,2165.28979,93.6998,0,0,0,7.19762,0.90941,0.12635, 
51.72257,98.09743,101.58664,98.71279,76.14012,0.15398,2067.86743,1.07474,0.22813,-0.01205,14.95483,-24.02319,80.87745,57.1319,3.60297,0.62237,80.17475,15.36156,2.14085,276.83749,248.04076,0,2179.18018,93.6905,0,0,0,7.35125,0.96409,0.13115, 
51.81856,99.37024,102.86527,99.9596,76.09525,0.15593,2065.37085,1.1226,0.22763,0.00874,15.39129,-24.45037,80.84108,57.09547,3.73997,0.81257,79.53484,15.42235,2.08665,280.10504,251.18477,0,2191.51196,93.68433,0,0,0,7.40976,0.98218,0.13255, 
51.91217,100.30936,103.72218,100.79655,76.04462,0.15724,2063.99951,1.14,0.22589,0.01502,15.75957,-24.90467,80.84103,57.09534,3.62335,0.66541,78.89674,15.51816,2.0522,283.30722,254.35858,0,2203.52979,93.68015,0,0,0,7.44845,0.9812,0.13173, 
52.00536,100.33506,103.483,100.56835,75.99003,0.15688,2063.75,1.10356,0.22454,0.01523,16.05163,-25.40636,80.8636,57.11785,3.27035,0.45778,78.25867,15.59233,2.02225,286.51157,257.68942,0,2215.48584,93.67765,0,0,0,7.39545,0.95464,0.12908, 
52.09798,99.74253,102.76868,99.87836,75.93484,0.15581,2063.99463,1.05674,0.22458,0.01449,16.28562,-25.96146,80.8926,57.14678,2.94184,0.35807,77.63956,15.60365,1.99455,289.70187,260.8042,0,2227.35962,93.67662,0,0,0,7.32971,0.92715,0.12649, 
52.17258,99.01516,101.97779,99.11307,75.89403,0.15461,2064.02954,1.02769,0.22702,0.01459,16.45522,-26.44791,80.91124,57.16536,2.83931,0.39472,77.14787,15.57177,1.97174,292.2673,263.34418,0,2236.91699,93.67664,0,0,0,7.2699,0.91553,0.12593, 
52.28043,97.61207,100.45512,97.63786,75.84753,0.15232,2063.23779,1.00035,0.234,0.02215,16.69969,-27.19593,80.92279,57.17683,2.90697,0.86417,76.44814,15.48067,1.94386,295.95969,267.00977,0,2250.72729,93.67766,0,0,0,7.22535,0.91772,0.12701, 
52.37737,96.0685,98.89205,96.12284,75.82327,0.14995,2061.38257,0.99179,0.24304,0.03879,16.92665,-27.83352,80.91821,57.17216,3.14679,1.7332,75.83029,15.38223,1.93588,299.25735,270.49231,0,2263.13477,93.6792,0,0,0,7.2246,0.93809,0.12985, 
52.46424,94.64378,97.47395,94.748,75.81417,0.14781,2058.84692,0.98636,0.25052,0.06626,17.13105,-28.28231,80.90131,57.1552,3.40759,2.87985,75.29737,15.29419,1.95376,302.19455,273.24878,0,2274.25122,93.68084,0,0,0,7.14438,0.95979,0.13434, 
52.56347,93.02329,96.0929,93.40978,75.81237,0.14572,2055.11694,0.97833,0.25705,0.10507,17.34906,-28.56581,80.8531,57.10693,3.64514,4.51044,74.72801,15.20695,2.02156,305.53159,276.9375,0,2286.948,93.68276,0,0,0,6.94034,0.9795,0.14113, 
52.65789,91.7935,95.1485,92.49562,75.80915,0.1443,2050.9978,0.96653,0.25897,0.14747,17.51718,-28.54017,80.75729,57.01103,3.67323,6.12986,74.24064,15.1383,2.14025,308.69202,279.85834,0,2299.0293,93.68446,0,0,0,6.64086,0.98773,0.14873, 
52.7321,91.11448,94.75742,92.11846,75.79843,0.14371,2047.495,0.95062,0.25692,0.17869,17.59935,-28.25531,80.63387,56.88755,3.54385,7.29899,73.90302,15.0912,2.2482,311.1669,282.40259,0,2308.52319,93.68566,0,0,0,6.34205,0.98045,0.1546, 
52.84047,90.72573,94.75351,92.11897,75.76072,0.14372,2042.04553,0.92307,0.24956,0.2201,17.5991,-27.39308,80.345,56.59861,3.09641,8.61823,73.49069,15.02597,2.40236,314.7674,285.94595,0,2322.38403,93.68717,0,0,0,5.94431,0.954,0.16049, 
52.93706,90.97295,95.21927,92.57572,75.70059,0.14443,2036.79639,0.89304,0.23944,0.24155,17.45096,-26.22009,79.94881,56.20235,2.54556,9.19671,73.2028,14.95725,2.53623,317.96094,289.1153,0,2334.72998,93.68832,0,0,0,5.67574,0.91562,0.16132, 
53.02446,91.19795,95.31635,92.67352,75.63717,0.14458,2031.58838,0.88802,0.23761,0.23379,17.18645,-24.85862,79.45876,55.71222,2.4553,8.95142,72.97926,14.8859,2.65463,320.83447,292.03436,0,2345.89038,93.68929,0,0,0,5.71928,0.90854,0.15886, 
53.12439,91.58469,95.58727,92.94102,75.56398,0.145,2025.01062,0.88237,0.23354,0.21715,16.7535,-23.05024,78.75221,55.0056,2.33394,8.41389,72.74667,14.79415,2.78685,324.09988,295.52539,0,2358.64014,93.69043,0,0,0,5.82082,0.8975,0.15419, 
53.20485,91.96847,95.91895,93.26656,75.50632,0.14551,2019.18799,0.87983,0.23051,0.20015,16.32018,-21.45407,78.07675,54.33008,2.22118,7.7726,72.57472,14.71156,2.89094,326.71191,297.78439,0,2368.89771,93.69144,0,0,0,5.97322,0.88856,0.14876, 
53.30977,92.66508,96.42204,93.76007,75.43597,0.14628,2010.81287,0.87482,0.22586,0.1685,15.67543,-19.23671,77.07059,53.32384,2.12091,6.72042,72.36443,14.58922,3.02354,330.09143,301.44763,0,2382.2605,93.69295,0,0,0,6.16827,0.8738,0.14166, 
53.40481,93.39985,96.89848,94.22717,75.38074,0.14701,2002.37659,0.87793,0.22357,0.13694,15.05223,-17.14904,76.06107,52.31425,2.06503,5.55109,72.17981,14.46785,3.14066,333.12561,304.48926,0,2394.35522,93.69456,0,0,0,6.42952,0.86767,0.13495, 
53.4982,93.97491,97.31988,94.64064,75.33836,0.14766,1993.3125,0.88282,0.22297,0.09899,14.43668,-15.07404,75.00399,51.2571,2.13298,4.24844,71.9949,14.34383,3.24528,336.08063,307.33395,0,2406.23267,93.69646,0,0,0,6.65838,0.86399,0.12976, 
53.58729,94.44778,97.67892,94.99317,75.31206,0.14821,1984.026,0.89465,0.22454,0.06061,13.87627,-13.11104,73.96646,50.2195,2.27552,2.90275,71.80665,14.22729,3.29523,338.875,310.24713,0,2417.55884,93.6986,0,0,0,6.88547,0.8681,0.12608, 
53.69143,94.84973,97.94964,95.2606,75.30256,0.14863,1972.55969,0.91453,0.22899,0.00959,13.28961,-10.89685,72.7624,49.01536,2.58256,1.23136,71.56305,14.10433,3.27631,342.1142,313.4986,0,2430.79443,93.70145,0,0,0,7.06294,0.88108,0.12475, 
53.77639,94.97257,98.03754,95.3492,75.31291,0.14877,1962.97205,0.93472,0.23385,-0.02623,12.88325,-9.19883,71.826,48.0789,2.91048,-0.11423,71.34305,14.02479,3.20052,344.73914,316.0127,0,2441.59302,93.70404,0,0,0,7.09259,0.89792,0.1266, 
53.8868,94.82515,97.90308,95.22286,75.34943,0.14858,1950.68835,0.96407,0.24044,-0.07824,12.45654,-7.19467,70.72127,46.97408,3.35131,-1.76853,71.02869,13.95821,3.03499,348.1348,319.37708,0,2455.6311,93.7077,0,0,0,6.97782,0.92767,0.13295, 
53.9871,94.59969,97.94691,95.26941,75.40347,0.14865,1940.18152,1.00922,0.2476,-0.12194,12.15923,-5.59689,69.87885,46.13158,3.91142,-3.16591,70.7139,13.94109,2.82102,351.21356,322.56503,0,2468.39233,93.71116,0,0,0,6.82015,0.96955,0.14216, 
54.11521,94.68268,98.14809,95.47005,75.50867,0.14897,1929.005,1.07278,0.25577,-0.15767,11.85188,-4.02451,69.09827,45.35091,4.35198,-4.40421,70.27741,14.05125,2.49443,355.16574,326.5928,0,2484.70947,93.71564,0,0,0,6.85283,1.02761,0.14995, 
54.22634,94.56854,97.94315,95.27509,75.60596,0.14866,1922.41589,1.03808,0.24715,-0.16369,11.58484,-3.30384,68.72224,44.97479,3.73828,-4.52762,69.90302,14.15774,2.20621,358.62872,330.02884,0,2498.88354,93.71948,0,0,0,6.84638,1.00156,0.14629, 
54.31626,94.39838,97.65131,94.99473,75.66758,0.14823,1918.53308,0.95979,0.23404,-0.1516,11.34192,-3.04911,68.64492,44.8974,2.69296,-4.08793,69.6243,14.16076,1.97883,361.44348,332.98849,0,2510.36401,93.72256,0,0,0,6.8667,0.93501,0.13617, 
54.44042,94.24486,97.25442,94.61344,75.71973,0.14764,1912.89392,0.82682,0.21751,-0.11245,10.9831,-2.9697,68.85555,45.10794,1.03677,-2.93921,69.30643,13.97447,1.67308,365.30756,336.67966,0,2526.22729,93.72682,0,0,0,6.82036,0.81703,0.11979, 
54.53285,94.08585,96.98364,94.35357,75.7401,0.14723,1906.49841,0.73334,0.21022,-0.0785,10.73672,-2.98494,69.19403,45.44634,0.0296,-1.99033,69.13216,13.68143,1.47113,368.13278,339.56781,0,2538.04175,93.72995,0,0,0,6.58964,0.73163,0.11103, 
54.63922,93.80237,96.62312,94.00673,75.75894,0.14669,1895.09912,0.67004,0.2083,-0.04294,10.54923,-2.9827,69.70584,45.95808,-0.47475,-1.01757,68.99333,13.22822,1.29469,371.29477,342.56958,0,2551.64111,93.73351,0,0,0,6.32674,0.6746,0.10663, 
54.75156,93.45502,96.26553,93.66286,75.78925,0.14616,1877.42371,0.67066,0.21217,-0.01327,10.53542,-2.86786,70.30431,46.55646,-0.18202,-0.29264,68.90638,12.7055,1.18724,374.51486,345.32242,0,2566.00977,93.73714,0,0,0,6.37012,0.67855,0.10652, 
54.85941,93.23809,96.07912,93.4852,75.83742,0.14588,1855.70117,0.73207,0.21912,0.00514,10.72896,-2.64238,70.8689,47.12097,0.6715,0.0938,68.86173,12.26923,1.14524,377.495,348.28043,0,2579.80908,93.74045,0,0,0,6.7212,0.74058,0.11019, 
54.98307,93.21045,96.00836,93.42042,75.91029,0.14578,1827.38855,0.81543,0.22735,0.01856,11.1568,-2.27503,71.4539,47.70587,1.62393,0.32028,68.83689,11.91203,1.13323,380.8085,351.35132,0,2595.64673,93.74404,0,0,0,7.11574,0.82403,0.1158, 
55.07515,92.97578,95.91737,93.3349,75.96551,0.14565,1805.43018,0.84119,0.23022,0.03258,11.55517,-1.90489,71.82917,48.08107,1.80401,0.62247,68.84243,11.71437,1.14551,383.22604,353.65326,0,2607.44922,93.74657,0,0,0,7.30707,0.85234,0.11665, 
55.18037,93.16171,96.15389,93.56837,76.01632,0.14602,1780.27588,0.86524,0.22865,0.04602,12.03133,-1.56191,72.16566,48.41748,1.62515,0.89182,68.87893,11.5348,1.18419,385.94736,355.96878,0,2620.94507,93.74935,0,0,0,7.62151,0.87415,0.1147, 
55.29198,93.67538,96.70136,94.10471,76.04243,0.14685,1753.91199,0.84737,0.22148,0.05069,12.49243,-1.42916,72.41198,48.66372,1.16344,1.16714,68.93449,11.34324,1.24017,388.79199,358.61929,0,2635.26929,93.7522,0,0,0,7.53996,0.84819,0.11249, 
55.40011,94.25006,97.27802,94.66927,76.04232,0.14774,1728.31274,0.82093,0.21581,0.05102,12.86756,-1.35124,72.56456,48.81622,0.77864,1.39967,68.99458,11.12108,1.30094,391.49829,361.28259,0,2649.14648,93.75491,0,0,0,7.31416,0.81258,0.1111, 
55.50789,94.68138,97.63472,95.01972,76.02796,0.14828,1702.24524,0.81876,0.21551,0.04941,13.1817,-1.18829,72.65545,48.90702,0.84293,1.55778,69.05605,10.88085,1.36146,394.1398,363.80823,0,2662.97852,93.75764,0,0,0,7.12754,0.80282,0.11264, 
55.61471,94.70731,97.65624,95.04391,76.01278,0.14832,1675.91394,0.85731,0.22268,0.04445,13.45772,-0.84441,72.70493,48.95641,1.55125,1.56524,69.11467,10.67456,1.41197,396.70398,366.26035,0,2676.68359,93.7603,0,0,0,7.07987,0.8361,0.1181, 
55.73895,94.30083,97.3329,94.73286,76.00848,0.14784,1645.86621,0.95857,0.24105,0.03334,13.75326,-0.16756,72.72937,48.98077,3.08394,1.22002,69.17898,10.56745,1.44853,399.64246,369.04077,0,2692.62183,93.76331,0,0,0,7.18805,0.93483,0.13005, 
55.84871,93.69765,96.85953,94.2754,76.02845,0.14713,1622.00012,1.07576,0.26429,0.01732,13.97536,0.57569,72.73195,48.98325,4.72162,0.53603,69.23031,10.65717,1.45104,402.24075,371.29056,0,2706.70459,93.76571,0,0,0,7.28276,1.05488,0.14485, 
55.93884,93.2723,96.5899,94.01565,76.06657,0.14672,1605.97058,1.16545,0.28291,-0.00171,14.0931,1.23121,72.72856,48.97979,5.84475,-0.21155,69.26647,10.86646,1.43023,404.40887,373.64481,0,2718.27417,93.76744,0,0,0,7.34609,1.14733,0.15618, 
56.06299,93.67145,97.5842,94.98724,76.15397,0.14824,1591.23328,1.32159,0.30692,-0.04638,14.07399,2.14469,72.74097,48.99211,7.24583,-1.81623,69.29328,11.36431,1.36198,407.49524,376.44992,0,2734.2229,93.76945,0,0,0,7.39759,1.27375,0.17219, 
56.15458,94.57763,98.58924,95.96857,76.24603,0.14977,1587.71155,1.38017,0.31056,-0.07594,13.84276,2.79097,72.7968,49.04787,7.37905,-2.72337,69.28726,11.88804,1.27411,409.88449,378.65701,0,2746.00342,93.77069,0,0,0,7.51002,1.30441,0.17369, 
56.27889,95.73195,99.46616,96.82648,76.36752,0.15111,1593.27246,1.28062,0.2778,-0.0838,13.16521,3.56428,72.98006,49.23104,5.68589,-2.89267,69.27383,12.55047,1.12821,413.30118,382.00745,0,2762.01611,93.77232,0,0,0,7.83768,1.19242,0.15214, 
56.38883,96.63912,99.93932,97.29114,76.42825,0.15184,1605.02136,1.06446,0.23482,-0.05496,12.31426,4.07405,73.24607,49.49696,3.15806,-1.84597,69.29009,12.84724,0.9993,416.43756,385.14056,0,2776.19482,93.77396,0,0,0,7.87316,0.98619,0.12526, 
56.4785,97.17229,101.42251,98.73839,76.44297,0.1541,1615.46765,0.95121,0.21026,-0.0474,11.58522,4.32222,73.51711,49.76793,1.78897,-1.39323,69.33829,12.84002,0.92416,419.01691,387.62497,0,2787.7644,93.77557,0,0,0,7.53704,0.85781,0.11381, 
56.58353,98.48199,101.53361,98.85042,76.44852,0.15428,1625.72461,0.83371,0.20309,0.00806,10.83989,4.3715,73.8888,50.13954,0.66132,0.47547,69.42661,12.68419,0.85565,422.01645,390.2511,0,2801.31592,93.77783,0,0,0,7.15207,0.75305,0.10529, 
56.69462,98.26118,101.28925,98.61663,76.45277,0.15392,1632.24707,0.77916,0.20085,0.07453,10.28146,4.12566,74.27827,50.52892,0.28879,2.46056,69.61505,12.38082,0.90451,425.12894,393.35413,0,2815.65015,93.78062,0,0,0,6.51277,0.70872,0.10882, 
56.81916,97.62086,100.74223,98.08842,76.46652,0.15309,1633.40369,0.79138,0.20517,0.13067,9.99057,3.59582,74.59193,50.84248,0.61674,4.11552,69.9278,12.00851,1.09355,428.52158,396.89908,0,2831.72217,93.78403,0,0,0,6.14244,0.72798,0.11852, 
56.92943,96.83702,100.04833,97.41663,76.49523,0.15205,1629.66235,0.8269,0.21075,0.1558,9.96152,3.02558,74.67602,50.92649,0.98461,4.70715,70.25742,11.72657,1.28177,431.44778,399.75119,0,2845.9563,93.78698,0,0,0,6.18074,0.77159,0.12484, 
57.01924,96.27905,99.47581,96.86217,76.52897,0.15118,1624.20679,0.84315,0.21309,0.15439,10.01729,2.5412,74.57767,50.82807,1.07146,4.50551,70.52824,11.53045,1.43127,433.7858,401.99274,0,2857.55493,93.78918,0,0,0,6.36429,0.79654,0.12516, 
57.14339,95.89845,99.02822,96.43037,76.5842,0.15051,1614.03613,0.84546,0.21271,0.1275,10.11998,1.82828,74.19569,50.446,0.96522,3.49415,70.85963,11.27952,1.63253,436.95792,405.21631,0,2873.5979,93.79179,0,0,0,6.7151,0.80696,0.12017, 
57.23503,95.80115,98.8341,96.24429,76.62839,0.15022,1604.78015,0.8275,0.2106,0.09074,10.17019,1.26853,73.76916,50.01939,0.68833,2.29708,71.04322,11.08188,1.76694,439.2558,407.47519,0,2885.44751,93.79338,0,0,0,6.97637,0.79365,0.11376, 
57.3595,95.83445,98.8101,96.22478,76.69218,0.15019,1589.75391,0.80501,0.20839,0.03035,10.18274,0.43946,73.0763,49.32643,0.39682,0.39194,71.18396,10.77886,1.85603,442.30859,410.71725,0,2901.55298,93.79514,0,0,0,7.23091,0.77237,0.10682, 
57.45166,96.06212,99.09281,96.50294,76.74316,0.15063,1576.64893,0.80614,0.20715,-0.01652,10.17038,-0.25397,72.55073,48.80079,0.50199,-0.97416,71.19901,10.54202,1.8319,444.51511,412.87762,0,2913.48755,93.79623,0,0,0,7.16005,0.76755,0.1072, 
57.54487,96.45989,99.6244,97.02345,76.79673,0.15144,1561.90088,0.84005,0.20708,-0.05671,10.1719,-1.04348,72.06735,48.31734,0.94549,-2.12258,71.14126,10.3284,1.73614,446.70142,414.85706,0,2925.56616,93.79726,0,0,0,7.02645,0.78873,0.11225, 
57.63329,97.00417,100.31749,97.70098,76.85242,0.1525,1547.11096,0.89884,0.21063,-0.08535,10.21093,-1.87018,71.69617,47.94609,1.63631,-2.86907,71.02667,10.18615,1.59895,448.742,417.01437,0,2937.03149,93.79823,0,0,0,7.00734,0.82952,0.11838, 
57.73626,97.91209,101.34197,98.7019,76.92818,0.15406,1530.12805,0.99574,0.21888,-0.10485,10.31033,-2.88126,71.40633,47.65617,2.57244,-3.22687,70.83249,10.13808,1.41147,451.10052,419.44089,0,2950.39478,93.79944,0,0,0,7.18534,0.89773,0.12494, 
57.81936,98.68243,102.326,99.66265,76.99915,0.15556,1517.76038,1.06889,0.22555,-0.10834,10.42586,-3.67163,71.3027,47.55247,3.19721,-3.19485,70.64153,10.20046,1.26042,453.01077,421.52695,0,2961.19043,93.80058,0,0,0,7.34447,0.94416,0.12855, 
57.92799,99.8827,103.51794,100.82706,77.10102,0.15738,1504.87891,1.14552,0.23143,-0.09586,10.59811,-4.55198,71.35084,47.60052,3.59797,-2.76528,70.36759,10.39477,1.08135,455.54449,423.79153,0,2975.31958,93.80233,0,0,0,7.67964,0.98896,0.12878, 
58.02544,100.84747,104.78474,102.06409,77.19165,0.15932,1497.37964,1.188,0.22995,-0.07434,10.74033,-5.09023,71.55669,47.80631,3.54084,-2.14861,70.1218,10.63195,0.95047,457.86935,426.21082,0,2988.00928,93.80421,0,0,0,8.00028,1.00224,0.12528, 
58.13213,103.46994,107.24127,104.46043,77.28257,0.16306,1494.11462,1.25523,0.22465,-0.03235,10.82927,-5.29262,71.92947,48.17899,3.50048,-0.971,69.87851,11.00222,0.85151,460.49313,428.63116,0,3001.92017,93.80666,0,0,0,8.29026,1.01174,0.12204, 
58.24336,104.81103,108.22649,105.42409,77.3615,0.16456,1496.97229,1.21607,0.21543,0.01763,10.80091,-5.11292,72.3999,48.64934,2.8511,0.20642,69.70046,11.39924,0.81483,463.32922,431.60312,0,3016.43823,93.80964,0,0,0,8.23906,0.96373,0.11697, 
